"Time","V1","V2","V3","V4","V5","V6","V7","V8","V9","V10","V11","V12","V13","V14","V15","V16","V17","V18","V19","V20","V21","V22","V23","V24","V25","V26","V27","V28","Amount","Class"
18469,-0.672921741484005,0.451655115156351,2.82545203062205,-1.6270994391615,-0.595283104816366,-0.847560230338912,0.424829252624728,-0.251331557566037,2.58066388765092,-2.03508797903157,0.629983425642315,-2.21487405200523,1.1318674826747,0.995692523069268,-0.027232599014441,-0.479681770384756,0.392331884628915,0.450569511676546,-0.28129760510414,-0.0961573033324399,-0.14038068576869,0.132822581356554,-0.328103314939453,0.656962831893013,0.411230466856456,-0.861631399514034,-0.084510821664982,-0.149571614176595,11.85,"0"
18485,0.874203095888988,-0.379218353328302,1.37706912404327,1.92808667289558,-0.803250167070528,0.862902193854424,-0.656514690700585,0.346310325673079,2.3341592471053,-0.639321621498623,1.63246472802731,-1.04728741922329,0.734520488594682,1.02463954508834,-3.08925638596797,-1.0042958503675,1.3633504017525,-0.571174599140762,0.162269922377662,-0.123474141943506,-0.459641739754183,-0.839297091298761,0.0460968985803043,0.147343062474313,0.298380145308835,-0.584346445106161,0.0428990694067696,0.0265529590721432,88.67,"0"
18486,-0.632765434765547,1.31457292956721,1.70905477120093,-0.274292595080829,0.560356282943604,-0.721057153023697,1.00885489494439,-0.387197890308216,0.921662415732336,-0.868992026743758,1.45758183084569,-1.72057733636165,2.97575094815424,0.515452039516944,-0.234858085107217,0.059340432458367,0.652205691188678,-0.694865233299032,-1.51400424480655,0.0724046482982347,-0.341512761408718,-0.465079091716527,0.029240217562096,0.320158787162331,-0.55249210578598,-0.179151122467654,0.0298504894943781,-0.012890935385795,2.78,"0"
18487,-1.00019050789652,1.69990683032743,1.1847591286261,0.21760586434811,-0.098404328605647,-0.575525193098873,0.59395368047491,0.0436449253735184,0.880526895284185,-0.581701411835001,1.46615031580234,-1.57612854857819,3.12880927972947,0.77106212075519,0.248118592813751,-0.0821219830646091,1.10149241015654,-0.605214225611798,-0.814984058281002,0.178500929641595,-0.378597155246076,-0.591580364155653,0.0883145254548427,0.323057433195295,-0.212997810871241,0.00466615789489699,-0.0562218676083314,-0.142110210074092,32,"0"
18489,-1.54440864377638,0.192998119055365,0.671990308837779,-0.625734129400761,1.95360595763455,0.231276463011413,-0.0179187826015197,0.125894052974407,1.19820985007657,-0.72231090315345,0.789475167159924,-3.03500228552701,0.568385999272622,1.28770931534409,-0.461988980973155,1.1322216494998,-0.133575724265785,0.776281395541221,-0.426961078179959,-0.581439448776371,-0.444281218779702,-1.0507581677914,-0.410622242749855,-1.82698963637671,-0.344208463747766,-0.0564077762647356,-0.249605216888228,0.19100524327281,21.99,"0"
18490,0.934354544887287,-0.417642843646363,0.148827688457286,0.200089961257769,-0.215167670180626,0.139525871624483,-0.173015472619892,0.105996110300705,1.29312173895453,-0.423177353025563,2.63125681600775,-2.12527619638334,0.392694529592669,2.25003885682536,0.207378400695057,-0.180265052515071,0.842216365574583,-0.443964558698716,-0.666005042202081,0.00355081802352325,-0.00832280506265447,-0.0531694641723551,-0.0691202666053179,-0.287224003174576,0.102392446826198,1.03268638372166,-0.119194155229608,-0.00493351967843868,127.8,"0"
18492,1.28706427986081,-0.390338875080277,0.661144102625788,-0.696797299604085,-0.857090141317235,-0.32576069978286,-0.759960662497977,0.0134391744404978,3.36593426011921,-1.41479336291102,-0.470365963516861,-2.7565123921344,0.404778328926382,1.50525299364252,0.744774623195042,-0.162562940386138,0.359400404669004,0.901904730918236,0.674709979416659,-0.205765052381162,-0.226894791676179,-0.242214490952982,-0.121098385486115,-0.528773550707189,0.53966518136576,-0.6697827244725,0.0549863429407185,0.0193751103707198,11.85,"0"
18495,-0.400736242601622,1.02193647462345,1.49037625575528,0.222164850140956,-0.156078351343221,-0.781075288049511,0.368506641771791,0.113676424933934,0.97301585431442,-0.646230666272596,2.21400521882144,-3.087305760491,-0.724807289076122,1.68455498498614,-0.29962730226037,0.601573928939164,0.698890405305785,0.854394812575328,-0.0661447634189152,-0.071466300403468,-0.3750237049034,-0.919102866273815,0.0432953485402286,0.358343613369725,-0.320019764716958,0.0110456383700516,0.199136154644891,0.0788528870403564,5.49,"0"
18498,-1.29377183163374,-0.853867051198109,2.06820020033071,-1.49875048808331,0.565105546427647,-0.993835369085515,-0.784276712910038,0.294204067743694,2.62817569787031,-1.8181594303105,1.39703571954453,-2.1190046405952,0.107003066026757,1.6508594846008,-0.634251060464746,0.0168669396762088,0.048855612284967,1.36658333127789,0.222013775683471,0.0439268485176332,0.0525627087774705,0.127739224086628,0.00937119385186144,-0.0939285820755738,-0.0924867480109216,-0.909943955214174,0.106456335409235,0.145396847785889,11.85,"0"
18499,1.17450708833258,-0.581352953475063,0.900373137852016,-1.17260053186766,-1.07285529381607,-0.253388121560431,-0.798117173903665,0.0276204048624376,3.05231113639372,-1.46330801471001,1.92534822799942,-0.863332096656608,1.9892544014251,1.21082845943531,-0.55469276321424,-0.347353426519931,0.42400698437014,0.764096190469133,1.10006885599063,-0.0144767707898902,-0.168956060902663,-0.0333194920867758,-0.0938500067693071,0.0215843843208976,0.384150495800161,-0.0950840147962693,0.0154469395964495,0.0126873701569896,40.12,"0"
18504,1.2844747535235,-0.528597383099064,-0.551952323858379,-1.69221695087393,1.39041938248929,3.48725080177172,-1.22348884225684,0.875786376196762,2.95498236966376,-1.39857391361139,0.756287468382036,-1.87544831933608,1.67365608644553,1.40568445102082,0.710532881872085,-0.149640866477207,0.0812308830589676,0.893576568652798,0.720911417102599,-0.0154149263694058,-0.208136265916587,-0.272552322212315,-0.0707851835819899,0.957665800346534,0.636471474350683,-0.71107882714316,0.0680181209641866,0.0241728108553707,11.85,"0"
18508,1.07862376965454,-0.301565020567127,1.42960318316473,1.13033394376084,-1.19405145557753,-0.0147370832319424,-0.903895878282799,0.224024095631537,2.50358304999094,-0.603230752978455,0.371712951291183,-2.98354079080501,-0.477672345708531,1.49561769060685,-0.077825991576774,-0.15321703086003,1.07462713363127,-0.257273618282432,-0.717010324571474,-0.279494416606405,-0.205253382283834,-0.263648989868801,0.120772776612432,0.331576288854242,0.0371339292666269,0.292186862627938,-0.0103372858693004,0.0197797475639875,28.75,"0"
18516,-0.697308983954329,1.77465996647679,-0.921392037969441,0.796449126269367,0.323098564031151,-0.271785901658763,-0.0331702411323029,0.799281461767637,0.593605381207581,-0.0968978126852698,0.618989808830996,-2.45703630833704,0.822095092598653,2.82412399647665,-0.634805799066063,0.222144714232235,0.29870371545879,1.21314773124261,0.877348179774299,-0.111601848511188,-0.00061887331998043,0.189079074369825,-0.0166703682936797,-0.915169363773429,-0.548666784753534,-0.38634901177938,0.263307140949602,0.124924579342057,0.99,"0"
18517,-1.32866354650936,0.0496275407633825,-0.566406454394043,-0.379436218304612,2.3613690674096,3.30437229678876,-0.339406809221541,1.135011840606,0.586462720417168,-0.734323585478637,0.597035854152846,-2.66300592122198,1.79238137576126,2.04229327812192,0.588810602498603,0.347327224931547,0.223291067782078,0.699897405811052,0.858396983035382,-0.0866762636825257,-0.139359378095381,-0.244752048359946,0.664976118573359,0.965953242200624,-0.252314360735729,0.39995063827157,-0.0397284256967528,-0.0144600986302104,78.7,"0"
18523,-0.756636132787862,0.790281516406546,1.78366656567296,0.632657313969074,0.766972978801288,0.062216535705949,0.121185006855715,0.176134320372135,0.308905054012064,-0.780018591173677,2.38006929043705,-2.2386211062436,1.37073154385523,1.42412993509591,0.399647711946255,-0.0360667395767122,1.08636734399051,0.490643335667766,0.853095914070753,0.15336920029469,-0.296992517582583,-0.752134617874717,-0.0971509367192064,-0.412315116219782,-0.083190482786432,0.270296788405315,0.0148887907493256,0.0710031640676251,1.79,"0"
18525,-2.75292548622141,-0.796479985354173,2.03076015165415,2.37196787621497,2.82899275780586,0.558981895490563,-0.522996703908773,0.593674740113008,0.484610118847944,-1.02082870726578,1.41783644769474,-1.98775935007153,1.85677913199057,-0.0198080100703546,-0.975590566313138,-0.804052734072482,2.51380508869657,-1.74642867981609,-3.07250747272106,-0.184737277708412,-0.0687861817542822,0.232180307687465,0.544026316101508,-0.785481566845369,0.475437837888154,0.0735626448410537,-0.0916010506619916,0.284279602247868,7.58,"0"
18526,-1.2882720902981,-0.274454984961313,2.62072496830224,-1.5816298215881,0.118792257148973,-0.432274035391508,-0.444683459560407,0.343283668840986,2.29348760508788,-2.03523578778511,2.27163140336836,-1.58205145923156,0.65173136202088,1.54321162672528,-0.392704963608072,-0.471374297856795,0.536290274746147,0.644980706020056,-0.246957103999751,-0.0358707714044366,0.0310598439659521,0.238536436297378,-0.154799854472709,0.155109635786821,0.357600669553018,-0.80338225214808,0.0667763469865649,0.0711788300285608,11.85,"0"
18528,-1.92630655840101,-1.8908727318957,1.18495673799613,-2.30875924641003,-2.35688879375879,0.469221121615981,2.3924985217815,-0.175799935271586,3.19432013597829,-3.48294676252929,-0.425783682998055,-2.39842499429183,0.756801526251979,1.13242887206569,-0.503779884766268,-0.879569809830959,0.712822156918869,0.8062310661763,0.822572841100722,1.37742778574543,0.122155782429518,-0.385459125683189,1.25780941491915,-0.260082914894689,0.920070974025936,-0.944578997136848,-0.153294227749513,0.113283935382254,699.88,"0"
18529,1.09851703601764,0.371415880537958,0.732205949735717,1.21072958958022,0.13254022050356,0.471923660033287,-0.235411024514818,0.177650243871982,0.977851416767351,-0.276022256111476,2.81780474403833,-1.2304454345279,1.80116895227816,1.96055900876822,0.00575423890562322,-0.150554291284049,0.54574776543799,-0.606477418894158,-0.925892988713643,-0.228609401837808,-0.365142452749081,-0.775816165620488,0.225823557810994,-0.408478115098305,0.0836171309929171,-0.708247701652755,0.0297532231528485,0.00874665769573778,1,"0"
18530,1.16054432357622,-0.208094713235379,0.730304519609344,-0.697719807567565,-0.910445919847727,-0.893858138793208,-0.402475545558003,-0.151662247055271,2.34573083221062,-1.1845287393577,2.68753068991355,-0.988164712301823,1.93712377747315,1.7745046099729,0.410271703717782,-0.215165567364116,0.193743473811345,1.00689367265064,0.327832417322001,-0.0569431348206659,0.0853614454956935,0.548870856042815,-0.135131447056479,0.523193309562387,0.565713162899418,-0.643206932392999,0.0349873962453799,0.021073307333531,37,"0"
18535,-0.470247857238797,1.59942700118092,0.429738550625998,2.68126256791631,-0.354975346065004,-0.206319722925075,0.443347404030477,0.295994837858943,0.42260954440676,-0.646392905097509,1.01896907584871,-2.4679825429897,1.44537184125298,0.295798553735816,-0.958187920004442,0.469239938916518,1.95970333726975,-0.202770163042268,-1.71436332609984,-0.413863200726219,-0.242825088044365,-0.541839354409561,0.310949122450715,0.387229080746726,-0.65181909267898,-0.352790110428313,-0.360342263996629,-0.120391066501215,92.9,"0"
18539,-0.731793219445423,0.501370718494282,0.967536849695642,-0.104412959140234,1.59757315567783,0.222421318009583,0.461443980978114,0.0549203246333883,0.638132392773451,-0.825278551259612,0.577605514235082,-2.02887282330423,2.51019298427734,1.60342517329287,-1.00670322363288,0.963043410165936,-0.920542083255847,1.20896607572825,-0.158987136148649,0.0881848717751211,-0.0963542037245741,-0.257085248810432,-0.166352509042577,-1.46802349085658,-0.0259802569909942,-0.627950068966346,0.0888823966573646,0.13705406470439,34.95,"0"
18542,1.22718164316634,-0.0372581370841772,1.10428908635196,0.519527671560537,-0.836495346167133,-0.448122405374228,-0.511518732824122,-0.190748870394794,1.95691937608924,-0.713792771967356,0.518187241685367,-1.27770488851408,3.26317494656029,0.750213864147998,-0.783286554257028,-0.0785881662563079,0.607379373361821,-0.249034182908522,-0.0751697357149438,-0.00840469276858932,-0.0953839952472036,0.265943898287237,-0.0841631038370202,0.485347535149312,0.382348750371548,1.1069298402084,-0.0612302864317209,0.00662839657682356,11.45,"0"
18551,1.26262452826109,0.452522926538363,-1.04797855987252,1.64526186450071,2.59470222009497,3.77024456876346,-0.34989076052576,0.74971335479601,0.490318158224626,0.321702588336678,0.380622646192893,-2.66635656095915,1.45790085700034,1.77755247422694,-1.00040468789596,0.42301961202429,-0.0312716245233865,0.152568284017874,-0.53892741095114,-0.101560611091901,-0.258100555615142,-0.547609766925396,-0.129274201475282,0.950943685424231,0.862353827166416,0.0649624549693835,-0.0446289154302914,-0.000952950766483649,1,"0"
18552,-0.26528428264311,0.0812071637573279,1.59555874403441,-1.67110662928585,-0.359367616361106,-0.158713367927182,-0.188053743525215,0.271057121791963,2.71033827547254,-1.78229047423573,1.89054126964119,-1.80055628892598,0.254000133359314,1.62690851964663,-0.62957650591631,-0.348534383008276,0.337868805950523,0.756212703019681,-0.37723159647311,-0.32137093303194,0.102560440089381,0.673973033720238,0.126515950841982,-0.065758355258783,-1.15953925922813,-1.06687126663695,0.283226179947487,0.230267929676894,11.85,"0"
18554,-0.820482086284183,0.703568014921129,-1.09300088137039,2.20721457500172,1.68221540808449,4.48024876229977,0.72463994470564,1.18146373053032,-0.335054058112308,0.145822667901855,0.181563963020824,-2.91441329928361,1.66826578229056,2.11927615823681,-0.414196522151475,-0.141141022857008,0.684056213218117,0.681475223441812,1.07667407089183,0.808561436143168,0.0745119774240667,-0.0464342890232408,0.659751003696536,0.927624440675475,-0.336530342549993,0.160063945321345,0.204603156815829,0.211509290656625,299.16,"0"
18558,-1.77053318100959,-1.07137868403769,2.80758637851772,-1.38513739966397,1.21084922636312,-1.07853380729803,-0.545614663644667,-0.293866465437808,3.03790232658694,-1.51782001308596,0.63338354852863,-2.36197986670103,0.918697517399845,0.840047952259658,0.446620072613629,-0.758560738536205,0.48688704144865,0.0800408577928949,-0.382547895581484,-0.300685090736064,-0.248336560332589,0.118816425025725,-0.586074392408674,0.0566316142427452,0.288344749538085,-0.828359320630783,-0.160409001815111,-0.453884335865673,11.85,"0"
18558,1.18839778019388,-0.295144755723231,1.01968837507466,-0.566211309251298,-0.933840491091252,-0.297973200484567,-0.711774789926409,0.00672873544937951,3.05994409448294,-1.50706192865185,0.777474087860926,-1.53419376783957,1.85503739464567,1.26179541768593,0.757714414242327,-0.775862750265307,0.850486113897214,-0.0195827131424932,-0.0105773599422567,-0.16364727988653,-0.12623849057876,0.159887648758729,-0.00611920867399657,0.0450528174994574,0.409986995309951,-0.697428477198444,0.083378906057609,0.0277327660683126,10.6,"0"
18559,1.23184184615982,-0.762926346898473,0.951151266917345,-0.63708684681145,-1.04205805968872,0.324555301021544,-1.22426591324944,0.130478142360922,0.58660761899438,0.332307749158325,2.31715472087216,-2.28274508598971,2.27400061633773,1.1291832682001,-0.0816454969790002,1.43815328749428,0.677296208930257,-0.46225078430098,0.0584227343165832,0.148100010313922,0.318861341215292,1.04394138612912,-0.156018855654241,-0.301257581656064,0.341447897814753,-0.0614986504520704,0.0172471617983633,0.0108752294518916,54.95,"0"
18560,-0.282015557679564,0.272604698933652,1.72259413712886,-1.47621933332818,-0.0724732086139685,0.633221776028959,-0.216882977734296,0.315854790635788,2.37006593917228,-1.75519684784579,1.47028112020502,-1.67918999845027,1.39968018616268,1.38155703353402,-0.0421462181580507,-0.394898293759556,0.323993455062126,0.980018868249983,0.748816920748525,-0.0954935658515983,-0.0636735029809805,0.244058166301477,-0.242997759148274,-0.896496393095447,0.047673409137559,-0.699395221872667,0.0995596088429135,0.0128957279813383,11.85,"0"
18563,-2.04966597424405,0.527351144102107,-0.933887472873688,-0.480882278982986,2.64353819319183,2.99641314511311,-0.659318035749656,1.53996768374596,0.525766949790406,-1.04770724886578,0.214879395954094,-2.44950297136088,1.67215057029521,2.32801449260443,-0.294362432816951,0.872149852267468,-0.204131159528391,0.81574308370063,-0.800415285859766,-0.548960216858189,0.021687277797372,0.0349992643475412,0.165870862025327,0.943924074584555,0.158916825929519,-0.523209928522024,-0.268784317833109,-0.0817749741562736,19,"0"
18566,1.24936584477321,0.259922397602327,0.505972894723148,1.32696561705752,-0.0554650687405615,-0.0156672482003203,-0.156831649900827,-0.104244154997957,1.83819331216568,-0.540900199016228,-0.515371749207397,-2.26576452350994,1.72073274845819,1.32184848565574,-0.832458545056177,-0.0535325983298474,0.352781674667293,-0.000203320473752265,0.162163870640052,-0.162111087836032,-0.473249909602896,-0.940948201814868,-0.0532711015960052,-0.525908284667539,0.584289955868945,-0.532133005950214,0.0115729982810248,0.0138278539171247,10.66,"0"
18577,1.05154808360584,-0.115011046979949,0.75493808600655,0.0068236164373931,-0.0289603536099074,0.890010091141667,-0.5762153789799,0.298827618813042,1.55780396872612,-0.796944038322075,2.06249167339877,-1.51750513773574,2.17400226844744,1.60116250257574,1.52299535444673,-1.00765396495155,1.66077648844598,-2.25891725531992,-1.85642562092398,-0.194716502662753,-0.129284821156026,0.0332644029179767,0.258760426213781,-0.619295088438573,-0.250530257722931,0.970955416544207,-0.0246360991730133,-0.00495684228316005,15.43,"0"
18580,1.16481531260808,-0.53495453130894,0.848547541197896,-0.736015766946003,-0.931299560047847,0.16069509964396,-0.985230930669629,0.313091785611753,3.19126319216766,-1.26686275995969,1.76261266102791,-2.24922213025252,-0.603014843208172,1.92264900538596,0.348687453320863,-0.367768589301451,0.617313486102262,0.883430457562571,0.42087127957043,-0.295022270678393,-0.123707753231453,0.0109918715732655,-0.0317659509452904,-0.409327681314411,0.341707930282954,-0.686157543796155,0.0629874148478874,0.00916154587443423,11.85,"0"
18586,-1.73604183205897,1.76904323387365,-0.876652587819919,1.39907891699239,-0.564606834638201,-1.68037898580981,-0.356704183160942,0.954383390633824,0.711392424018597,-0.192627790643622,0.245698954353111,-2.11187591621026,1.37255991254133,2.86150795428739,-0.0973183549960607,-0.308384780031162,1.21976870957242,0.173617180382772,-0.0190474348682053,-0.0783679909324499,0.0693854784672041,0.309943821923896,0.0514020723235083,0.666797095215784,-0.66744475076254,-0.465710333299643,0.298527422567943,0.0510593006765161,1,"0"
18588,1.06190329797951,0.0723616011570818,1.30689220936535,1.4389356131699,-0.66882320750439,0.103888153971437,-0.616835165480242,0.0661163529020844,1.70639516322863,-0.437018811747016,0.76908875347249,-2.08364413011092,2.08654670431013,1.37914157986249,0.893647840576864,0.345870122254712,0.286769728871322,0.127764231267948,-1.27874858812683,-0.0956619996658794,0.00711376120487358,0.266787700418224,-0.00166781793629485,0.0228443681886335,0.238706379088984,-0.375464837220954,0.0464832877246404,0.0381819474766472,45,"0"
18588,0.437148601618948,-1.06205966263384,1.14265310084718,2.263173084155,-1.10314184240784,0.578468966916896,-0.187140724313989,0.0957486480783029,2.46580777670933,-0.939896014179365,0.147793007430026,-1.36799427447391,1.44085053191395,0.771175352415656,-2.43184334099425,-1.23150931288241,1.63083421581233,-1.12894676821622,-0.254908859051385,0.398043225797435,-0.34852151301921,-1.01035085155618,-0.148325441361667,0.365063750604523,0.243175628090865,-0.603121290266498,0.00453241589084154,0.0819240361200227,333.01,"0"
18596,1.28805974661815,-0.265345736340252,0.700439468446226,-0.711185910440382,-0.70873721397,-0.29320748966154,-0.64199505464107,-0.0862848130043269,3.1052569903874,-1.46525161079514,-0.175288958402763,-1.83919485578382,2.12686753179549,1.16276081033536,0.554865557069915,-0.244198712651032,0.261806023056636,0.689526561686858,0.662448526400357,-0.0959975248818245,-0.206908847538686,-0.0998741199086975,-0.142307200881825,-0.494328972298668,0.597458553254882,-0.674987796838579,0.0663417652960107,0.0229550690696962,11.85,"0"
18598,-0.714724769911931,0.385203637266655,2.66862628541389,-1.74841438851774,-0.191739715737369,-0.203313757530544,0.340198363548793,-0.107362371662118,2.55317401056042,-2.08531716824763,0.614180618372677,-2.06390175262968,1.49149957228086,0.941903426501479,0.214445300719827,-0.692905450866964,0.534434460779939,0.0694686827989645,-0.518741648745531,-0.0885527680578426,-0.12791474553904,0.211621129567897,-0.336688469651355,0.0280648759457797,0.394147568845101,-0.812788945962004,-0.0674814930581638,-0.15496973926533,11.85,"0"
18607,-0.560285450349086,0.0467200650410333,2.22986915629763,-0.851375405874527,0.0492153380738593,0.434121350685282,0.0144435661380568,-0.250804813428999,2.6135758780675,-0.837111245923217,2.23828511455932,-1.65623255777357,1.49859378469204,0.982187168096681,0.511480003239095,-1.13765187560837,0.637075138566869,0.850776735806978,1.56455526702114,0.0589377754314017,-0.0827624351500117,0.598484313207926,-0.108029309581955,-0.336662985890978,-0.443247188913186,-0.697309762146602,-0.352682977376936,-0.283890136995315,11.85,"0"
18608,1.13059051831686,0.115914965915503,0.686140580032144,0.733499293102902,-0.40190031863708,-0.295256424919728,-0.280920566366773,0.0619841539577943,1.26311238849439,-0.278187394851084,2.59512176484179,-2.04187366559208,0.414696031209053,2.19397837350112,-0.0131053567335112,0.185939310109967,0.491758119408124,-0.113649148023919,-0.463610054033774,-0.220718176247941,-0.321516742653145,-0.789654179547279,0.193107425931993,0.1202996828457,0.0107527864401048,0.0585566926267685,-0.0550882457606991,0.000893293364198452,17.99,"0"
18610,-0.618852075744681,0.555422245866044,2.21653238010897,1.49512615119259,-0.322187640472375,1.49074153644756,0.0278709540575112,0.416768936754784,1.80709314667891,-0.787101336659278,0.978215207945168,-1.78576491418958,0.45766071638844,0.96368378324155,-2.88141544598098,-1.20623100995368,1.42356753820698,-0.103934225097894,1.21234553816751,-0.156857280757166,-0.420913440068778,-0.593705725821002,-0.00787679993519197,-0.398739454643035,-0.399693302414633,-0.530470314176327,0.0796883904640339,0.122907805728794,66.3,"0"
18610,0.262389913847301,-0.843846685790997,-0.430312321698642,2.90631887807197,-0.0895965844720312,-0.135513943271166,0.94000649126465,-0.259569098490695,0.106416739668561,0.340220887404068,1.63059253472757,-2.62859693225398,0.534189369719305,2.46710428967169,-1.02229214095698,0.710616671990249,-0.0368072057449558,0.614742089676618,-0.824819380795927,0.741023619737669,0.149152288518466,-0.549309616574428,-0.566189154375379,-0.0703045832692919,0.502295881140108,-0.0152542708924318,-0.170922459441459,0.0732176709096989,494.58,"0"
18612,1.26494556138747,0.274080858970468,-1.0825562624084,0.24735048647823,2.38277405007568,3.32382687672122,-0.327192664273994,0.694445004242557,0.972780150340121,-0.289183500525925,0.900929162469387,-2.36699462773561,1.59275155952214,2.03318270986733,0.277823614915624,0.452892776815803,-0.17867121064318,0.0142367983985553,0.020446790305702,-0.037780840697233,-0.668823507671743,-1.91466522008522,0.191207008318679,0.85662263789567,0.382207411250901,-0.861263939351111,-0.0159202710304869,0.0186521535505649,18.44,"0"
18612,-2.46421107645605,1.19171998087669,-1.66243630364571,0.324834563173613,1.64439327888942,3.37799246826602,-0.762285870002244,1.92434571965779,0.427701015067585,-0.419460963915518,0.33409875585188,-2.34712666359231,1.89310701013981,2.67349102352113,0.666796088416119,0.270784698790328,0.606309567387516,0.937258322879078,0.911026772978057,-0.307218176318098,-0.113684123077931,-0.0293217808143002,0.345004371102237,0.957777389470499,0.238767006502896,-0.257482481650581,0.0557577246030608,-0.0658208834269702,73.49,"0"
18612,-0.658079082126471,1.17830837757294,1.83477343976512,-0.0346902153861694,0.261055175270776,-0.116451055796628,0.720495791236067,-0.127722762284791,0.849355180617288,-0.065763949875202,2.87486028659779,-1.458827219873,2.14933135983829,1.40561167371809,-0.375723843076348,-0.11489025109977,0.289261754743533,-0.219571615751567,-0.36546928437389,0.263906467033047,-0.362758922843791,-0.457040373988762,0.0200500871490668,0.15767867417095,-0.294889371026293,0.00719023893486252,0.205977618092895,-0.0638970963248599,14.99,"0"
18618,-2.60073928961515,1.53868242062977,0.310248592352425,2.95955770062252,0.598891410760319,2.34913243469915,-1.49712527843003,-5.49255137307877,0.853456985777955,0.8327455983381,-0.862474486211009,-2.87242456646021,1.55576273805243,1.58672717584721,0.113445803597951,-0.00721179803901448,1.12587648018264,0.102970124321073,1.03377206184078,-2.13217784207975,4.6229930610009,-2.33868794935439,0.988943388468601,-1.44901343706592,-0.0144118706822493,0.226168688351464,0.879132893663058,-0.17902420127625,103.83,"0"
18620,1.12788245492173,0.466284621795416,0.964348313404359,2.55832617491829,0.00621248788906446,0.504592659662502,-0.369613371987025,0.0627309880857096,0.821762875130989,0.244177674216433,0.165634345206528,-2.57753989385853,2.09810746163142,1.45291360645212,0.286794901504029,0.746305054659232,0.05528297366247,0.0563837093137463,-1.60079793480874,-0.148245947144726,-0.00199448496272938,0.247079261482436,-0.0957832433436134,-0.479614797950754,0.409271362942169,0.116882582281664,0.000757856231891385,0.0182351231165187,20.85,"0"
18628,1.18552822463257,-0.344056484094869,1.00539423355319,-0.559170530700538,-0.990411525572091,-0.312276058962523,-0.752184822167589,0.0416314474941881,3.1536848394379,-1.4894321232287,0.671747405042567,-1.86391954877004,1.23518989908982,1.38548010233597,0.825904011747121,-0.746611641502795,0.885956716019789,0.0567485775394904,-0.00679013751360403,-0.200829931777046,-0.132610382244261,0.108445568522344,0.000221717705069993,0.0281399691441469,0.388547609547541,-0.695483892817047,0.0790891712103592,0.0266187016222452,11.85,"0"
18629,0.902440206078433,-0.492683443264327,0.871187895576494,1.83502636594955,-0.386624436876755,1.15414370543012,-0.506432808811493,0.246746253283605,2.64025857553537,-0.831725339145961,-0.975713281034265,-2.00904870065697,1.13966075130863,0.750028470402947,-2.32107695237631,-0.896793216734814,1.22910111991217,-0.733043307925585,0.250158824692517,0.000480801953222435,-0.550729173451594,-1.1571855708759,-0.1120976678944,-0.837442236050246,0.455233420341268,-0.507548023753206,0.0375758225712281,0.034385328183208,134.31,"0"
18633,-0.366579313995368,0.682969471738135,-0.276677373791705,-2.1541160504558,2.16074638929072,3.23182804461059,0.132718561808154,0.614488337511728,1.72568079945895,-1.34122521824521,0.984975417014051,-2.35150775343816,1.62732543751849,1.85760641026887,1.28175494312165,-0.574783579376109,0.228354643450621,0.770255112457167,1.60740916920507,0.0611373605242285,-0.271198078734319,-0.673466289867215,-0.0666501486259171,0.919935316726419,-0.227615359625733,-0.961808636358345,-0.081640499905358,0.131348248569204,36.4,"0"
18636,1.28497388327424,-0.298493685997855,0.442667166209483,-0.899220857400948,-0.205687126996176,0.516417955764368,-0.704365474390856,0.066244606701344,3.07619192802403,-1.52103040605271,-0.385261338272963,-1.71676432858201,2.62600040863843,1.07350142318551,0.802603356689279,-0.391991250875984,0.311461404326828,0.373035314138554,0.513217176333485,-0.0820586146452728,-0.21150175244613,-0.0555986173926727,-0.186618717701332,-1.34287368189091,0.614177752671365,-0.612491542828429,0.0847428010821921,0.0148790552973147,11.85,"0"
18641,-0.773484642245043,0.311522111600955,2.76690446307905,-1.81266317256759,-0.263623528456085,-0.0045329526480189,0.215472495368129,0.0476866077601201,2.33510039285513,-1.90584485195842,2.43205546188926,-1.50260693698813,1.00559144567147,1.22353967379941,-0.460660413322137,-0.538586086260204,0.3784304545385,0.543528715995736,-0.303259434015767,-0.107001027701901,-0.0669184972203169,0.331416016442742,-0.319287188533867,0.168108710538686,0.324646604379482,-0.841615148072731,-0.0734907643064779,-0.163836953854794,11.85,"0"
18644,-0.0131045987837292,-1.80116763996244,0.882719597676019,2.45184437677301,-1.32687736576079,0.663989533103267,0.126839554175484,0.0313351064820572,2.42792100553954,-1.05048448648295,0.162881921007985,-1.32175167710714,1.55130406614991,0.810234700744531,-2.41007989562319,-1.20399781932113,1.63380759706832,-1.08964239285791,-0.329820691969391,0.877135998354546,-0.206492948164919,-1.12773048879537,-0.354597815128764,0.378910508070178,0.15992185360189,-0.628211749640697,-0.0390588341748166,0.122657107101516,566.1,"0"
18645,-1.24971603192576,2.21500073822745,-1.3887862033116,0.777102784206177,-0.0532499991370759,-0.331013781157374,-0.385326661257834,1.23718867853785,0.613453226341767,-0.0151732927066962,0.493783448876306,-2.28956326387762,0.883497514492549,3.06820703238582,-0.660167640917812,0.323214454998547,0.457461815047701,1.2361015539547,0.84313370944871,-0.0948412364808506,0.0107956019146383,0.160557034221429,0.0743713629830633,-0.921407945158463,-0.466929874455381,-0.378598786926627,0.243012966277091,0.12150133610997,0.99,"0"
18646,1.18679126862943,-0.219275036750768,1.04120674687195,-0.575907736361931,-0.836694230414408,-0.271296358640002,-0.63532716012829,-0.056221759149735,2.89288490154291,-1.54002104084496,0.965482382128784,-0.947871585350786,2.95760754861996,1.04269763113856,0.636925266788917,-0.827406754249719,0.787530206985019,-0.15457137134079,-0.0184191936987793,-0.0904737450213467,-0.112806756640665,0.249507638398263,-0.0204523816168347,0.0752982717887992,0.446826544037849,-0.701255836540401,0.0903490355420527,0.0303179005548712,11.85,"0"
18649,1.29442397557995,-0.512156904908686,-0.546177580544315,-1.69640033506609,1.39549855237247,3.48539748718254,-1.23032279375986,0.877123078666418,2.95558896833517,-1.39617522934637,0.756213683579398,-1.87566044124596,1.67273791035256,1.40451851154268,0.70988501467434,-0.150320123352519,0.0810782005143303,0.892521399222258,0.722556276830402,-0.0259026967765337,-0.211256809749979,-0.269834213678374,-0.066245976149495,0.957401541087864,0.638362428055789,-0.710529567864039,0.0689911977580879,0.0232761045162975,6.7,"0"
18650,1.2058093729029,0.329983269485129,0.765226273823604,0.75507706033717,-0.431992232001479,-0.733809752618812,-0.117075481177392,-0.162329374586194,1.02928464030277,-0.27305023071369,2.64358487781254,-1.28668824238373,2.01275963298301,1.84736677582045,-0.440550420989575,0.402021661219981,0.122671237245811,0.13790627681523,-0.110911254945693,-0.120269518798928,-0.340643247829539,-0.766048005439425,0.158758653923651,0.474217862360994,0.142918313480235,0.0252490010871456,-0.0582096797674348,0.00491591776038032,1.98,"0"
18651,1.018407561784,-0.178200456664031,1.18932707018586,1.14367532233531,-0.823527752622333,-0.0485803066120865,-0.493741127021754,-0.0262035754717471,1.94357397434228,-0.678063342908518,0.841230447439594,-1.46040180612372,2.44561889359862,0.998811481299994,-0.52211044156675,-0.463043516252995,0.969004701616476,-0.552697049320632,-0.773776643884456,-0.0120459659545677,0.00621147867529284,0.430232327625103,-0.0872443588431302,0.434333611218734,0.358189230474042,0.471729817434245,-0.0111510990839022,0.0249874797542035,69.99,"0"
18653,-1.30597783344211,1.77211848034771,0.741729824587869,0.912351259453026,0.498898113161249,1.73749042918928,-0.957795294860986,-1.69230083944333,0.755233248682643,-0.641460757464855,0.90013094941081,-0.935381242152429,3.06822828778836,1.56476376891788,-1.35744089528572,-0.216155665079877,0.712878490654512,0.354701210713095,0.95993019575506,-0.579385561179847,1.98545355835735,-1.29010937919688,0.108806827352775,-1.42793675776056,0.14090532442335,-0.393443561209991,0.0782969957257886,-0.0525052492156887,1,"0"
18653,1.18552822463257,-0.344056484094869,1.00539423355319,-0.559170530700538,-0.990411525572091,-0.312276058962523,-0.752184822167589,0.0416314474941881,3.1536848394379,-1.4894321232287,0.671747405042567,-1.86391954877004,1.23518989908982,1.38548010233597,0.825904011747121,-0.746611641502795,0.885956716019789,0.0567485775394904,-0.00679013751360403,-0.200829931777046,-0.132610382244261,0.108445568522344,0.000221717705069993,0.0281399691441469,0.388547609547541,-0.695483892817047,0.0790891712103592,0.0266187016222452,11.85,"0"
18660,0.895382367685571,0.367224688195185,0.0785470297711896,2.82103867361952,0.183907450457635,-0.707500450615415,0.761180933460579,-0.45451313190803,0.0854073406589405,0.260893708453951,0.552509814099931,-2.18576725005345,2.45576979065216,1.83008363081762,-0.598757178370568,0.285984888651543,0.211687712131447,-0.290920359120369,-1.14959306904371,0.200237678769268,-0.0505061896292847,-0.275746049064329,-0.25701682454539,0.361870948129571,0.671273731786478,0.00849205746257545,-0.0942087868737293,0.0359200600189806,178.04,"0"
18666,-0.795843661221497,-0.0248785105829052,2.78386929070949,-0.64569445987987,0.154226683418043,-0.141712696416031,0.0455065737813305,-0.38045121387569,2.5104925893127,-1.24129021643192,1.02604607775776,-1.77858560626747,2.42616026616891,0.664013870739048,1.18884725622586,-1.48144539757723,1.02260985549633,0.147754195499718,1.20021464023318,0.285662801831045,-0.131555839606641,0.395926972726317,-0.283348243774043,0.0720809662657009,0.178056347325206,-0.587990314544784,-0.348276538525687,-0.267632606724258,11.85,"0"
18669,1.2883628771774,-0.235398188977668,0.709034471642727,-0.715202839799116,-0.671845063132156,-0.283372361584135,-0.613949215751638,-0.109769582598868,3.04266500529261,-1.47739295102304,-0.104792563902071,-1.61934334456319,2.54024776768273,1.08049301724798,0.509510658279946,-0.263589539710294,0.238183660888291,0.638809773955591,0.659657552915915,-0.0695120400604567,-0.202155977393823,-0.0660192231384769,-0.147268984719082,-0.483010979663952,0.611445497532556,-0.676373063332184,0.0690441327356172,0.0238428768135265,11.85,"0"
18671,-0.74653154260599,0.554873901310254,2.53892497490303,-1.67369256207152,-0.538534478902694,-0.682947145154711,0.247184504273547,-0.0372489520355612,2.38651435150994,-2.26027643777844,0.326382799821839,-1.98782369383955,1.67462641291192,1.09348633396487,-0.0838422342560069,-0.32323930425124,0.351338596221769,0.52817046984758,-0.165619843224288,-0.125999504993301,-0.104428514017763,0.0839499509109842,-0.333380479571625,0.343179766311381,0.496990320631734,-0.814541026097072,0.0813853063488769,0.0712364513421253,11.85,"0"
18672,-4.20199339357136,-4.0613494467256,0.26752510519851,-0.625059791615036,-2.53000397074318,0.606194614208946,2.03049352217217,0.14457115410854,2.42090243958747,-2.43274598034314,2.27704005145736,-1.92618977221546,0.710587417686566,1.71272710097498,0.351383547701289,-0.0915566498510417,0.789293314382603,1.01961422842332,0.682527293764773,-0.549806572123817,-0.0796816675444471,1.04113270804294,3.20309889969065,0.164740931483969,0.668451983620853,0.141328509008103,0.552713070139281,-0.537417699202459,833.02,"0"
18675,1.14348313440237,-0.329553410799772,1.04368395094914,-0.684585287251348,-0.850590992726893,0.0356921851117479,-0.794091063574807,0.137744815760314,2.75776902991928,-1.34703198324053,2.52149111693274,-0.697020915702388,2.05203753983689,1.4025836342488,0.026802527877638,-0.591614779364513,0.582671116832345,0.442523226889878,0.277735293622913,-0.131927038880555,-0.0707400497955346,0.294173408522124,-0.0233922900817656,-0.00336381455391389,0.389308367771189,-0.715786027667602,0.0811573801731948,0.0183468121561416,11.85,"0"
18675,-12.3396031574122,4.48826730168204,-16.5870729373632,10.1072738734101,-10.4201989827431,0.130669811857349,-15.6003233044816,-1.15769598093331,-5.3046309683427,-12.9389293107706,8.80568196718575,-13.5561301301468,1.16546376028499,-9.80988150207055,0.369987279150665,-9.50521044515487,-17.5420303090874,-6.79263778723153,2.06937744931751,-0.0855014634055812,-2.0896096332232,1.74531450014405,1.37681580939778,-0.554271418366818,-1.61074085196174,0.153725444536768,1.2124772080589,-1.86929047595671,188.78,"1"
18676,-2.15399939152915,0.215172677832731,-1.67814259119322,2.47927494976595,2.02215756014474,3.90201806146281,-0.281106114552632,1.55076837206384,-0.148041452821504,0.397466387376336,0.102005509107091,-2.63346393595225,1.80335140615369,2.37121969529495,-0.321511642131251,0.0548382133938224,0.842148932725072,0.598482063696153,1.10668113231117,0.174972886897752,-0.126759941725636,-0.187492284132434,-0.268641202966474,1.02240390450479,-0.462130080294073,0.173860270937961,0.644720690129429,-0.251220578164044,253.25,"0"
18681,1.2844747535235,-0.528597383099064,-0.551952323858379,-1.69221695087393,1.39041938248929,3.48725080177172,-1.22348884225684,0.875786376196762,2.95498236966376,-1.39857391361139,0.756287468382036,-1.87544831933608,1.67365608644553,1.40568445102082,0.710532881872085,-0.149640866477207,0.0812308830589676,0.893576568652798,0.720911417102599,-0.0154149263694058,-0.208136265916587,-0.272552322212315,-0.0707851835819899,0.957665800346534,0.636471474350683,-0.71107882714316,0.0680181209641866,0.0241728108553707,11.85,"0"
18687,0.679062900943901,-1.25657410314292,1.27393647608168,1.31337230315491,-1.54041143336431,0.386999244288518,-0.704594968036133,0.0270517061422962,1.03067958691775,0.0447260662446076,0.381147156125386,-1.71811351809439,2.41234830309153,0.806980474379798,-1.15132139936101,-2.07599182961389,1.31779736523433,0.726012611649982,-1.5666135109046,-0.0649762214169446,-0.475208123025142,-0.92504657787387,-0.0591657965504225,0.319498087769777,0.103994120892006,-0.498189325467182,0.0412758189837149,0.0819432771281716,274.68,"0"
18689,1.11805833905277,0.215067849281484,0.621395989628203,0.61324263925347,0.047117395939621,0.331559597858143,-0.25618886227204,0.117606364686292,1.00871742948805,-0.370104117944103,2.94242552662604,-1.08967870015078,2.17775967105297,1.86070420032079,0.0632076221828057,-0.136298847871629,0.602191477567899,-0.720793622916434,-0.761863804594625,-0.151349544195945,-0.291337673384753,-0.562129214776966,0.185133062197424,-0.343293829047691,0.0254155874988694,0.0957882316471076,-0.0256384924646639,-0.00223714479074988,9.66,"0"
18689,1.23809562743865,0.474352999492762,0.584542606654834,0.973435216819621,-0.460436691277211,-1.21444026174181,-0.00419970581287939,-0.301694919512593,1.30411059789978,-0.651580253798624,1.16283980046324,-2.19565165032465,1.74985057332474,1.17816349513746,0.338987219385908,0.356890682965621,0.848813579437443,-0.125093789607941,-0.52374643179866,-0.140163842904033,-0.417903312067503,-0.960488195976727,0.182890935298765,0.608818131281068,0.147839384037008,0.0359033602781391,-0.049592752479544,0.0274317663570989,0.89,"0"
18690,-15.3988450085358,7.47232389650112,-19.0269123426632,11.165525840514,-6.89385628014845,-2.12093657486019,-14.9133299850456,-0.721214094320184,-7.1750966153358,-14.166794659606,10.2777688628065,-14.9854337328686,0.345179234077653,-14.6663889726541,-0.346352541965346,-8.33324249555463,-12.6025964553952,-4.87668342078337,0.604625910708604,1.11150221461014,-2.44488368228,0.727495341024629,-0.345078151264077,-0.981748551471828,0.995271346300177,0.816761717958274,2.26294237384391,-1.17806316323334,1,"1"
18694,1.5754990718094,-1.1010706370513,-1.010823067249,-2.29666287724356,1.05433763605077,3.28286769226736,-1.578321034356,0.665849776351131,-0.700117722594654,1.1286324569684,0.704819296960498,-3.53386886559558,2.13900233310829,1.25914117368134,0.0124971305539366,-0.106320953909412,0.738667801853609,0.671064594651598,-0.0761336828149268,-0.241954625829521,-0.416793444791989,-0.711488174519548,0.00929190199668449,0.920815948046221,0.524924069285019,-0.230024649350609,0.0056000041064918,0.00816059164850747,15,"0"
18697,-0.691034296898604,0.407273661549099,2.58954689001046,-1.896061676445,-0.119790310080879,-0.149934634148412,0.339055176327798,-0.103826898340916,2.25044729462132,-1.88529013997568,1.87607147571416,-1.3254910082434,1.94149119365019,0.99944781916981,-0.764120713009114,-0.129770576793077,-0.1401340327926,1.06473643065177,0.249767636801429,-0.00577594665475993,-0.120159746588396,0.186711375664959,-0.424711430918027,-0.0302637052687302,0.496141942413958,-0.841128158326561,-0.085223195811738,-0.164082251379773,11.85,"0"
18698,-10.1814395321741,3.89579485062183,-15.292743131681,6.75621813117737,-0.374382058714962,2.51178599007795,-6.17603515509565,-2.49132490523471,-1.91094883588299,-2.90241944690858,1.22556863304756,-1.7291861433339,1.79317277492392,-1.35606781778612,0.266768243621481,4.81625230265002,9.25352625047285,4.2956482344645,-1.14758334915656,-0.471153543639915,-4.44202853151701,0.507416239465774,1.1680344403568,0.410729498728664,-0.491717811524001,0.442068564000323,0.112489353051256,-2.41609932388602,1,"0"
18703,1.11177227353144,-0.450166342641723,1.26408118333666,0.224760257628111,-1.04383845388068,0.344464514604414,-1.04090986214618,0.3206042874706,2.31715304903236,-0.599858743058675,1.98986381758319,-1.99492417832309,0.254105514340811,1.48201951377561,-0.740953629495341,0.101290068077184,0.762764958109972,0.0972852726058822,-0.0339865372532534,-0.192379889815449,-0.198248734496514,-0.222076726670313,0.0952647044017911,-0.00361279312374448,-0.0636796328984793,0.967602838518055,-0.0590096445310066,-0.00467872916029576,19.65,"0"
18703,1.07205544914153,0.442538390655062,-0.322095564641095,0.907555598345784,0.693629526383986,0.461580356839716,-0.0916269180523556,0.235732037233335,1.23319319352776,-1.13084186483262,2.14437155305813,-2.61993319858113,0.484011300389962,0.753089350434835,1.37158213866719,-0.886835354026528,2.92559618540558,-1.51966210340965,-2.19434205475948,-0.33017656380125,-0.158679273590816,-0.0517276707612189,0.112160850464833,-0.810711678081033,0.157008501020123,0.441732092983077,0.00477543573655386,0.0166971518170675,0.76,"0"
18704,1.04781238096905,0.119734877185423,0.303447917853544,1.34380858867471,-0.150310150115973,-0.435373314135016,0.106657441320699,-0.155365679675772,1.36280085464085,-0.416382102406472,0.650320750185563,-2.61140794937165,0.918843808035634,2.0122784437418,0.522937812221083,-0.227223102048432,0.626005902484732,-0.221547816931522,-0.95140789687104,-0.0998485986255295,-0.0549235617973587,-0.0472556173427869,-0.121041787133861,0.00452693382908936,0.538513270870153,-0.343213280707039,-0.0164660762984149,0.0230374712051035,85.25,"0"
18706,1.199048492113,0.337764631934577,0.768417541462037,0.849191762425488,-0.363230370815319,-0.659251114964602,-0.0919242432169719,-0.177388334397945,1.27962963204088,-0.48519158850984,1.272537970353,-1.85909246744896,2.03864025767254,1.6896573106412,0.504660260153318,-0.121842583310043,0.697204279040588,-0.844384436186626,-0.80443211982817,-0.170402177013086,-0.3575387262311,-0.742449967833292,0.21700595995643,0.338300162126297,0.0836932665691115,0.0649996043062351,-0.03765552654814,0.0126953407482144,0.89,"0"
18706,1.21800591922523,-0.42034491317862,0.899142069210567,-0.695602973611469,-1.05480286157749,-0.298451574466296,-0.867671009967766,0.136528573397455,3.09150066503359,-1.24046460648477,1.66332829866209,-1.96848505263935,0.0996391067984527,1.75721842902777,0.0205505761819823,-0.109824520577049,0.3017879282146,1.24537550893161,0.77406273945152,-0.230068572596334,-0.146195262682316,-0.0435231811324981,-0.0642418647529551,-0.0738385097621126,0.438816317090421,-0.717963657676997,0.0519614700655284,0.0132062201507128,6.7,"0"
18709,-4.73529189649555,5.22506305083021,-10.0602969781585,5.8161959633297,-5.20485887064271,-3.3475794776536,-8.81164654146728,3.49523644306377,-3.27219557149163,-10.8863870184435,9.4216989688558,-14.5726598049651,0.153958913162269,-12.8782555349104,-0.499101967207664,-9.73927619985483,-16.3540944235416,-5.09584311895594,1.96059240407598,1.3658207621398,1.50770087935985,-0.385449358630114,-0.0608514605329329,-0.0137357128366886,0.0512491423850427,-0.301434360418486,2.05187019763057,0.655548995026474,89.99,"0"
18709,1.16599032334221,-0.380129210559037,0.895263818741817,-0.755459883455766,-0.743457870884826,0.20831787115216,-0.840257622263686,0.191439213358907,2.86759968011673,-1.32958006929316,2.13168315255597,-1.11187336973298,1.53109437550438,1.49807421667622,0.114026867220828,-0.469538644814055,0.49732218701266,0.619671898331971,0.404365379466645,-0.15840629992258,-0.0987947853815809,0.18687166612546,-0.0567075089653612,-0.345315330127508,0.413209240430409,-0.693656343251401,0.0769522291759997,0.0138032672657906,11.85,"0"
18709,1.03842913959659,0.300009732908256,1.76882077022137,2.8585459885405,-0.750282067609257,0.414217718399297,-0.697768176950772,0.189541003028834,1.05937721967868,0.271898614895431,1.94321618704729,-1.37032467484347,1.9609962484103,1.15348192894129,-1.79845694097719,0.711404057548676,0.118769361082747,0.455419786808916,-0.841296334759743,-0.142108544111706,-0.156694282478601,-0.105876009602747,0.0497992791528199,0.475221938410122,0.224135010814762,-0.114907067991448,0.0120724331956876,0.0249826592290878,17.43,"0"
18710,-0.803016695141429,1.397602892994,1.46105457858996,0.13984555994761,-0.314994305029047,-0.691706043933371,0.174178740159309,0.394253146644925,0.39303316531057,-0.746470175099334,2.34459107733032,-1.44411028248069,1.97927976822772,2.02824720846731,-0.684406163979576,0.410317484673032,0.310269713719685,0.342095236187547,0.0163074255495358,-0.0308983251999248,-0.267644240410624,-0.611675673788755,0.0501043384641068,0.464663333368971,-0.238514220570297,0.003773343088883,0.112642908986713,0.0441955190621246,1.98,"0"
18710,-0.579709587267098,0.210016718906781,2.65491938982302,-0.659899826968688,-0.237427066402744,-0.0560752579395625,-0.0648849047317979,-0.0877222816392395,2.38009148763121,-1.57210982174283,0.789189413063035,-2.10810033858867,1.68411247531188,1.05704528254604,1.21707710110898,-1.352836842742,1.17511055926498,0.278277663871564,1.19241151724017,0.184763814616559,-0.10144169720436,0.319641952887537,-0.258338685531946,0.0440215747227311,0.179140160806323,-0.544101450561984,-0.0228324646728174,-0.134580098560528,11.85,"0"
18710,-0.769215557711354,0.436689989515562,0.614755935342494,-2.55464615348881,-0.055560679390169,0.237956293538644,0.00966980575995888,0.663162607652251,2.38353447041605,-2.67675712328117,1.65525538358986,-1.84500112852038,0.578455122110426,2.42283062405005,2.11828154692257,-2.35050061716978,2.210446896584,-1.28835264543331,-0.704245696813281,-0.351344348953501,0.261551067505586,1.10474229977488,0.0531821592852548,-0.687760473711681,-0.426715755828414,-0.717508787505717,0.105602028455567,0.0797967053663724,34.99,"0"
18712,-0.307795158648781,1.26100136910349,1.39706195066321,0.642785141385567,0.0249352771696132,-0.756654272674568,0.691482907076536,-0.289938301081422,0.68977563446625,-0.802551484922312,0.805792593681188,-2.4479582494989,2.17732281284835,1.0098039845529,0.426025155200958,0.0559509684882577,0.93944433198703,0.195886253924817,0.398919954681857,0.0182053166711779,-0.288552028620455,-0.610307777388617,0.0741438189747596,0.297733335312261,-0.75541707412618,0.0351541970754732,-0.0153141919516786,0.162347516293914,24.99,"0"
18714,-10.356862722761,8.68463978900257,-3.0065546817817,-0.910951863268451,-2.83616906107354,4.48790704308071,-9.10536534296,-21.7254415028215,3.14870628958018,2.41964968248412,1.73006905262031,0.402577254868575,0.60040008632885,3.42912758393447,-0.847262514877539,0.565917908296674,2.83262080730445,0.508992551436337,-0.904663076618023,-4.54353990110488,22.5995433627945,-8.55580793045634,3.74089657709649,-0.540228388755546,0.573614382236421,0.235687428194592,1.1323724145029,0.15109680173591,13.98,"0"
18716,-2.7916612897683,2.34766188529834,1.623984515181,-2.47227192854361,1.04101416560709,-0.169383191983522,2.22871921225013,-1.91814631344717,5.35038715291999,5.53288587597765,2.47990385904491,-3.42733869904941,0.455302408265879,-1.34820142346639,-0.250950165753994,-0.0696937128724205,-1.59926889996019,0.309595848904564,-0.666248766842173,2.46724278825774,-1.18594094008479,-0.536855081732344,-0.390514808351223,-0.605987674969866,0.142800935972417,0.495831520876104,0.0218154867109061,-1.1483929911231,7.68,"0"
18716,-0.103682901030215,0.471115847190372,2.12171421778306,-0.17742204790833,0.145605491425395,0.977728272295747,-0.104169274819044,-0.00683515609289389,1.47345907213519,-0.590878967706727,1.01069074186777,-1.71473741910197,2.83977467704989,0.671350332206669,-0.818910431077277,0.0840773528418599,0.146148863986764,0.949047649984432,1.93704689611435,0.250584761143136,-0.237510061885499,-0.0172569568976521,-0.285576685881132,-0.903748726211663,-0.523271659702877,1.06435196604043,-0.0809444050480386,-0.114839159709114,1.63,"0"
18721,1.25437711035235,-0.267204416494391,0.893879121098086,-0.598833717850941,-0.955176713346163,-0.564282457126154,-0.646410857529571,-0.103809187882853,3.10249649070509,-1.46021467407875,0.218621092316299,-1.78833502115188,1.84327461925213,1.23103816643508,0.542622381348268,-0.373975121852901,0.446899012679746,0.558493299887275,0.483511470068541,-0.123768270725129,-0.17782831720353,-0.0291195448113583,-0.0800354705999225,-0.00632802243496093,0.527120229530038,-0.704652170334976,0.0655688984162985,0.0275130844773568,11.85,"0"
18723,1.18959776656428,0.289716174985175,0.516756824760003,0.942566715407856,-0.435072163414255,-0.785810246806785,-0.200526014409523,-0.0620286117338762,1.57087274398234,-0.644167971486826,1.0789291996393,-3.06133576424359,-0.057383113276976,1.56275982079076,0.787359862605766,0.148669092349201,1.22929925157793,-0.354140802480257,-0.87060702592826,-0.282182405164341,-0.409581739967906,-0.993680286487726,0.231980866290978,0.24852719888762,0.0137877957392113,0.071387218379625,-0.0451942501143266,0.0205432603848256,2.99,"0"
18724,-1.2353562950725,0.174484898080774,4.02942831931052,3.67055266883658,-0.349656934710768,1.39545816164403,-1.12271871781057,0.378973939646903,1.87229780600882,0.318555192219856,-0.0267726853675485,-2.22549189314842,1.6693769436481,-0.0950868796415785,-1.54904151323156,-1.15323351553131,1.76188809344407,-0.0661277611575014,0.629139686337851,0.154273802992681,-0.0908224817753518,0.839964855371789,-0.41429076765952,0.447217333367634,0.0443237598255835,0.488187004680547,0.215708443506514,-0.103177269344473,19.02,"0"
18729,-0.779501255085179,0.167002866521355,1.58963097354633,-0.795344341809864,0.521283955652008,-0.806129181282547,0.978221134464873,-0.423871950432887,1.07008612727002,-1.03922886966858,0.126975808899231,-2.7628285394593,1.88450339831282,1.27173936507542,-0.225486952853377,0.513167888477291,-0.154440648949947,0.0347344736350565,-0.582424386778301,0.274097171758936,-0.17573499196719,-0.428572351622094,0.0922746089356541,-0.14390335703051,-0.200346687189572,0.688608802430093,-0.23471066299627,-0.114973660533644,103.35,"0"
18729,1.17042254312423,-0.4425288905144,1.11030280989802,-0.56388089331226,-1.34354356221184,-0.607389089963739,-0.868170798557784,0.116788643140885,3.09616551236378,-1.23555185225596,2.09185408686957,-1.93932340294576,-0.267946367137945,1.84507988002025,0.0125472140056539,-0.251244965784192,0.510915039190338,1.10679843267819,0.573938482059809,-0.254450930855293,-0.111292838573989,0.0290925612474876,0.000232311225882883,0.451249623284263,0.356668441060312,-0.750552474740191,0.0498846785392917,0.0189019644309567,11.85,"0"
18731,-0.709147377384932,0.317927648718713,2.40160473341196,-2.02631411098678,0.203966082143525,0.51609670102405,0.224226850399891,0.0824183340266463,2.33686203428238,-1.91618707245205,1.70154095249724,-1.58905479669139,1.55243456409089,1.09221831509173,-0.438433107019388,-0.29693976681471,0.0320467966120854,0.786320278431019,0.030013329724222,-0.053563139402357,-0.121177935965032,0.199393137392996,-0.434511510301776,-0.71384845401999,0.456737503228353,-0.787654134494744,-0.0720378929000468,-0.172073392581735,11.85,"0"
18736,1.31787910294113,0.386356575238186,0.0798671531274303,0.707650028562422,0.0402161272174568,-0.564811897389103,-0.0784371441783058,-0.184951896634613,1.49667825264048,-0.62841353527655,-0.00653216070122862,-2.97643758370571,1.20912303556888,1.25672226308647,0.506056161713358,0.731827083194316,0.467750140159354,0.346711835320876,-0.0797697202696416,-0.148299135269695,-0.502546491078127,-1.23659439647051,0.0469785926486489,-0.578718791490333,0.277830831213982,0.110572699425524,-0.0561604992566618,0.01416996533765,1.79,"0"
18739,1.14297791680363,-0.379465989737412,1.02935894562164,-0.677890404986791,-0.912077910789966,0.0193003049827395,-0.840834128390526,0.176886098417883,2.86208900507727,-1.32679641619403,2.40399712609825,-1.06344010107009,1.36307048002484,1.53969662272776,0.10239402586092,-0.559296734265743,0.622041720446253,0.52705120644199,0.282386916096983,-0.176069513582835,-0.078661500036973,0.237748580571757,-0.0151226503530037,-0.0222271356117748,0.365996793975066,-0.713477250178261,0.0766534344405174,0.0168671325830912,11.85,"0"
18741,-0.416487786207261,0.956586946910183,2.33424978597991,2.02022401646713,0.364808449173666,1.3513339541145,-0.109026126517757,0.389137765297591,0.93024472803711,-0.360025550536268,-0.921362253164745,-3.13357339788479,1.33247131745921,0.970884536328929,-0.88284917381277,0.50657483496481,0.274980328418607,0.178278511556571,-0.858858537435132,-0.16249931815892,-0.197318833193643,-0.1993440132546,-0.196478125674384,-1.02349167189124,-0.146757806615621,-0.030105964222651,0.0798040518626195,0.0559856511902809,4.95,"0"
18741,1.20655254055566,-0.205390386226409,1.19346038836496,-0.443670799026886,-1.23565674560709,-0.942281423658081,-0.591042811714175,-0.181820012242463,2.96462064752771,-1.47885040306757,0.934006873748112,-1.2428510181696,2.32360044426434,1.15267200514925,0.426635904411313,-0.602016725727366,0.66174931910572,0.261227545426453,0.221142571724932,-0.107511996365036,-0.125863374425387,0.146266356183176,-0.00251858184483274,0.696536195409604,0.455966423851985,-0.749165605657056,0.0703919289279462,0.0357529764984377,11.85,"0"
18748,1.17629474485878,0.811092898483179,0.228347866327921,2.64178727409209,0.478960187245576,-0.315470835207305,0.418442609048162,-0.237507361922096,0.194609387636108,0.313224100502381,0.67073863446196,-2.43410266638428,1.78773457623949,1.94351490212816,-0.300636897425608,-0.00121917747694841,0.522252919198032,-0.700272914983937,-1.4520647159196,-0.213712468041072,-0.131533524389012,-0.12218663035285,-0.0712150628401824,0.0304467419131486,0.638606218742622,0.057869089536766,-0.049978996983316,0.00195469717094013,9.87,"0"
18752,1.19589261704552,0.442443468559855,0.56110261366319,0.921120787815323,-0.254294484583196,-0.739173461708964,-0.0682885786298719,-0.174889446746819,1.26863928139863,-0.701686706084298,1.41962595519395,-1.99882309847817,1.94017564362799,1.16456616416384,0.567830019814567,0.0546170252155295,1.11505038335748,-0.599784161351547,-0.883298255507043,-0.159260379210802,-0.388124361371323,-0.828728815269553,0.210202409831207,0.303102548761888,0.0823092984397679,0.0649583943785536,-0.0316604401138818,0.0243990368073159,0.49,"0"
18753,-0.714876335191554,0.370229863585363,2.66432878381564,-1.74640592383837,-0.210185791156291,-0.208231321569247,0.326175444104078,-0.0956199868648469,2.58447000310782,-2.07924649813368,0.578932421122331,-2.17382750824,1.28480945433724,0.983037323045167,0.237122750114812,-0.683210037337333,0.546245641864111,0.0948270766645982,-0.51734616200331,-0.101795510468527,-0.130291180611472,0.194693681182787,-0.334207577732726,0.0224058796284214,0.387154096706264,-0.812096312715202,-0.0688326767779671,-0.155413643137245,11.85,"0"
18756,-0.908186583611401,-0.235841729741474,2.36658481687658,2.11694782406882,-1.600436438445,1.42882877157644,1.73270435105359,-0.4501127079786,2.15419691252585,-0.680010819351133,0.356658741925018,-2.30616542414221,0.736890484572036,0.345478467397691,-1.97348014223122,-1.81814691548652,1.82790727161927,-0.886265037558387,0.872902709102909,0.114558889650975,-0.522638730277413,-0.459956609849879,0.33136867683772,0.541825435279931,-0.490775864644074,-0.569892056172799,-0.122903600897269,-0.325473277147874,400.3,"0"
18759,1.2844747535235,-0.528597383099064,-0.551952323858379,-1.69221695087393,1.39041938248929,3.48725080177172,-1.22348884225684,0.875786376196762,2.95498236966376,-1.39857391361139,0.756287468382036,-1.87544831933608,1.67365608644553,1.40568445102082,0.710532881872085,-0.149640866477207,0.0812308830589676,0.893576568652798,0.720911417102599,-0.0154149263694058,-0.208136265916587,-0.272552322212315,-0.0707851835819899,0.957665800346534,0.636471474350683,-0.71107882714316,0.0680181209641866,0.0241728108553707,11.85,"0"
18761,1.14900554930525,-0.239992309577463,1.25384472927522,-0.446360575575508,-1.1388018365845,-0.587004752765333,-0.656683819666051,-0.0628826021393788,2.92945234009191,-1.52663893223717,1.35868618828328,-1.02884781317738,2.38241378064697,1.17052703919659,0.650951486809828,-0.959811042802543,1.00831581650029,-0.268845223159122,-0.215503104620467,-0.138586616098117,-0.0834013114381609,0.30791404092708,0.0510418937131268,0.594463149259147,0.359576149574009,-0.732602761077672,0.0878941370899142,0.0346730346241268,11.85,"0"
18762,0.815057016242138,-1.1955834644944,-0.595538981800211,-0.520689494991524,1.17912986645983,3.88062811876532,-1.03334771935169,0.875669082964253,2.03119522841321,-0.684874597616057,0.607647261353547,-2.35427875904487,1.78461213725672,1.27875789580592,0.174581746805468,0.693227715569264,-0.0150280113105569,0.650352772436814,0.0339592288228632,0.51350971513865,0.0142860978648347,-0.254115855500974,-0.265041207074993,1.04728506572299,0.260911860484167,1.05947333594822,-0.105566808651371,0.0442053849957986,249.3,"0"
18763,1.22916077301525,-0.245983670198145,1.04790525722314,-0.515884371684215,-1.11622624015241,-0.766377361591867,-0.627860757439911,-0.135953871175384,3.05358730269357,-1.4654456025295,0.567697707538236,-1.58441963512665,1.94045069189424,1.22073998988087,0.498741944157847,-0.486404200196662,0.568526268563253,0.421470620958124,0.346842333073851,-0.125162762466605,-0.152333819963145,0.050249579376585,-0.0374877286741807,0.358357344047581,0.484529611270429,-0.727497676738722,0.0670875670772865,0.0315053675226968,11.85,"0"
18763,-1.81228681295845,-0.137048832155264,1.97838323623954,-2.27131286937245,0.0921718363760961,-0.297762557875009,-0.573193418930757,0.796109352920019,2.27639579760539,-2.58724974919287,1.52655758211545,-1.59465869809986,0.635880599476088,1.78999474013647,-0.983274844463167,0.225018749724111,0.129021891449901,0.742988537701514,-1.10464074105016,-0.231652932662354,0.0411473973212296,0.0225040613630145,-0.32320713906728,-0.384365722693842,0.549798151924413,-0.938514403236085,-0.0546420488592395,-0.13101556107914,10.6,"0"
18767,1.22895868597575,-0.265948701773201,1.04217525509214,-0.513206418778392,-1.14082100737764,-0.772934113643471,-0.646557983366198,-0.120297358112356,3.09531529275676,-1.45735137571089,0.520700111204441,-1.73098730927373,1.66486386796942,1.27558518527246,0.528978543351159,-0.473476982157155,0.584274510008816,0.455281812778969,0.348702982063479,-0.142819752347517,-0.155502400059721,0.0276796481964379,-0.034179872782676,0.350812015624437,0.475204981751979,-0.726574165742986,0.0652859887842156,0.0309134956934767,11.85,"0"
18768,0.683958073086091,-0.662158794303895,2.10155927337886,3.22324253876538,-1.22864725805055,1.60250712772128,-1.16680631076047,0.460168977892132,2.09717716548338,-0.0615882267337839,0.796924246990271,-1.12426942466242,2.1197114262539,0.252155023104613,-3.36104442987852,0.36948940402742,0.42112637416291,0.755097862709059,-0.397094422112083,0.199197815850604,0.0571143339361168,0.484770868524692,-0.319794220262433,0.0227886525919602,0.415734857629076,0.193941684691575,0.0334094623097418,0.0520691583555356,182.22,"0"
18769,1.13018701355586,-0.392662899629758,1.1104556110592,-0.627394518505925,-1.03843053866935,-0.106111201870791,-0.858266956194249,0.181123795981109,2.89385290729972,-1.31775575345506,2.53662203064777,-1.15624886774318,1.0246190268926,1.61196592987118,0.120368137987538,-0.605306632415652,0.714141089070495,0.496740361290362,0.207135696535959,-0.204141383802351,-0.0692031259963684,0.251448339514156,0.0148412018931794,0.175684566971214,0.328657178822901,-0.725127493250398,0.075136672247401,0.0181322515566089,10.85,"0"
18769,-2.14641569497302,-1.59622203818786,2.56046142706977,-1.33259697992889,1.30606127429297,-1.09990329946782,-1.27206592453021,0.476995879705954,2.45574716634764,-1.9383627791705,2.01673979170463,-1.72001093903121,0.413217710647863,1.64380897797959,-0.327975559518504,-0.403867893069824,0.481501334458362,0.783091983891776,-0.211956873463864,0.283417398560328,0.11916260258786,0.0974487106851442,0.0787425283532715,-0.0660763503115768,0.438715110170875,-0.797729245828979,0.0158600356447181,0.0930131814367743,21.05,"0"
18772,1.12050198307069,0.479107544470609,0.338471694142658,1.64588565234014,0.0108313476634459,-0.222061585250957,-0.0909132539944045,-0.059359600322148,1.65687804132416,-1.09101451796005,0.878649144969722,-1.93743317079629,1.85996052180151,0.12552305823194,-0.573697661397828,-0.239085193752036,1.85694439330826,-0.234634397524463,-0.699307621869609,-0.141413740976113,-0.432010341643797,-0.781903883383988,0.0338211102476755,-0.0859396311215836,0.433915382326811,-0.53747178494428,0.042760172966511,0.0471818645727523,20.8,"0"
18774,-0.345826320466973,0.258044881902053,1.71939462231624,-1.14535474438848,-0.8636158007101,-0.630775391325165,0.307254834056363,-0.0510735405666148,2.06378075697667,-1.6583630454817,1.10751967670111,-2.67152693231279,0.536850682234627,1.88704358830228,1.80587647686106,-1.05744807845224,1.30875339150039,0.0538165079442076,1.09539258578229,0.114388760603954,-0.107469559750048,-0.110740331126506,0.238508061537591,0.32459323708274,-0.699722324822231,-0.106752094402158,0.118119020854028,0.146337143441193,80.1,"0"
18775,0.965068011048748,-0.625201432632735,1.17050207679916,0.294082204500883,-0.802384542589204,0.937260989172856,-0.959643940405493,0.414148618063519,2.29755778065253,-0.75526837179438,2.2127393026968,-1.35400494285416,0.957915582659875,1.25494384600567,-1.16713262408416,-0.510359875379764,1.22195289770105,-0.697414962651445,-0.188081087996832,-0.0834627757022892,-0.245596005588121,-0.331661735527447,0.0924752538092443,-0.272799845311273,-0.105309623820728,0.940655525659428,-0.0462527222192026,0.000580002837385143,70,"0"
18777,1.09806414676738,-0.478023411264874,0.990841687611807,-0.719318207332746,-0.789223950672656,0.47324755078232,-0.966058021470335,0.355662345270035,2.96175092650564,-1.35128779621706,2.51982809311863,-1.33956908618073,0.653548195483704,1.7058542957972,0.432188469575322,-0.826128274543167,0.946899925839494,0.153544221220452,-0.0796779352796245,-0.252614248978198,-0.0579272177258441,0.299132074993345,0.0242792639691947,-0.345906494787296,0.267628353915889,-0.681733809852749,0.0888613187260975,0.0120393251996805,11.85,"0"
18778,1.15552505104881,0.0563603879165368,0.0583892779596817,1.74808614012348,1.78840678242647,4.46236320201603,-1.21149833637037,1.08017272357408,1.26259823498137,0.176594512111713,0.218544418341938,-2.51699720993538,1.62892579204903,1.16574836319729,-0.850378347347519,0.920195007760111,-0.181892118866034,0.521727234940043,-0.677606051173056,-0.0528379055154065,-0.281254455087143,-0.593787213917989,0.00863353037701349,0.931984861519537,0.428339916775567,-0.0681360257762874,0.0156818746647742,0.0250893325038778,15.13,"0"
18788,-0.405419102136041,1.13018923634988,1.6979891789057,0.17411158320896,-0.0368058449015927,-0.862656818265591,0.57274256696199,-0.117544567601746,0.967207696371068,-0.666115734268811,0.457953247477587,-2.82726574717648,1.16442831307645,1.6771391896911,0.166284324392148,0.193848551167911,0.366647211394297,-0.0162529296255204,-0.183855150270946,0.0165833991015238,-0.385894864299326,-0.822974037036619,-0.00958044107988232,0.286074716867592,-0.234630843581189,0.0346653477356119,0.235994069460738,0.11326883956277,0.89,"0"
18791,1.18567978991219,-0.329082710413577,1.00969173515145,-0.561178995379905,-0.971965450153169,-0.30735849492382,-0.738161902722873,0.0298890626969173,3.1223888468905,-1.49550279334265,0.706995602292913,-1.75399379315973,1.44188001703344,1.34434620579228,0.803226562352137,-0.756307055032426,0.874145534935616,0.0313901836738567,-0.00818562425582506,-0.187587189366362,-0.130233947171829,0.125373016907455,-0.00225917421355857,0.0337989654615052,0.395541081686378,-0.696176526063849,0.0804403549301625,0.0270626054941603,11.85,"0"
18794,0.482773687155941,-1.17538652817856,0.362351634758174,0.624191092823579,-1.107270672525,-0.785136551889753,0.24904227975352,-0.335663522768772,1.54851744199612,-0.723774724941402,0.752632440747069,-2.23745389770362,1.89137492913783,1.6541970718259,0.55195444920872,0.519089731066531,0.344941004090431,-0.167070746453638,-0.327792636599625,0.727667522744558,-0.148967269454209,-1.13194531078044,-0.170608784646564,0.384022111139372,-0.17143990527708,0.661301068576483,-0.170994096546558,0.0785993797413446,413,"0"
18799,-0.288615676972747,1.76668342221568,0.354690891711651,3.06361789870461,0.425990884319985,-0.157200701194655,0.423480416320226,0.277091850900189,-0.410584977701464,0.482245880302612,0.43919298422718,-2.56953007528571,1.95485296418719,2.26682005172357,0.197674755773984,-0.623135584678653,1.22761923542026,-0.284246652043982,0.190304757209504,0.0320192280811032,0.0670942030733048,0.526312983269862,0.155406541853909,0.0408823340886645,-1.08027655801475,0.0895814784266935,0.356128392590881,0.22993515622279,9.87,"0"
18807,-0.701566533470213,0.345855892829478,2.65070651111174,-1.74557635022442,-0.283912026516973,-0.210264366526883,0.297751211863752,-0.0621036012218766,2.67677108232705,-2.06282895527673,0.473364753310273,-2.50521856122879,0.663975355227798,1.1055944231481,0.304429086852275,-0.653644256832876,0.58131776904972,0.170343290150901,-0.513321722444311,-0.146706473296263,-0.13904521432131,0.145091673941488,-0.330572122041082,0.00550118305236612,0.365302916852003,-0.810024194554399,-0.0721764382015254,-0.15714167157067,11.85,"0"
18809,-0.712220914700592,0.401697738167823,2.56306797431767,-1.95562572925177,0.050633065063579,0.34401876479385,0.292472104114515,0.0240744613914108,2.22284298234496,-1.93640656287341,2.12139468153639,-1.16784844014936,2.06177906344487,0.998312263398841,-0.528820381163131,-0.42799880221837,0.129478243501086,0.597693915701784,-0.109703853547603,-0.0366954201342851,-0.0935084711212884,0.314489961174757,-0.402966341381886,-0.337730390999447,0.426752217925188,-0.811894080831734,-0.066690657085235,-0.167822124476616,11.85,"0"
18811,-0.800142151430676,0.543346492517082,2.64208297049469,-1.78383911479229,-0.191679755198904,-0.154101744581675,0.404929971511426,-0.185349644961339,2.52499224269276,-1.99583503056535,0.728798275366143,-1.73841606972379,2.11199262389829,0.780049447934324,0.153070073325563,-0.732350337195939,0.491032997645175,-0.017429566145463,-0.518968751997947,-0.0897536290908615,-0.111195713276266,0.264762579840971,-0.355587753529136,0.045581437402504,0.400275998981675,-0.827294763227842,-0.191755093109746,-0.160016029586452,11.85,"0"
18815,1.18598292047144,-0.299135163050993,1.01828673834795,-0.565195924738639,-0.935073299315325,-0.297523366846415,-0.710116063833441,0.00640429310237577,3.0597968617957,-1.50764413357055,0.777491996793605,-1.53414228193911,1.85526025292067,1.2620784127049,0.757871663562168,-0.775697882091688,0.850523172767272,-0.0193266040574107,-0.0109765977402671,-0.161101704544994,-0.125481077026966,0.159227913677675,-0.00722095805081571,0.0451169580962217,0.409528025964052,-0.697561792557454,0.0831427223697689,0.0279504132379905,11.85,"0"
18816,1.24904102945614,0.269496761715792,0.625343269411197,0.838915663369156,-0.497799394060791,-0.964128735587904,-0.0872387860499926,-0.232610141540726,1.47645739988775,-0.411110111924053,0.562467911640973,-2.65511561062993,0.98594818394333,1.86856722806336,0.402131888227014,0.321264616250415,0.363474261162903,-0.146983997514391,-0.316294639538213,-0.1839700587771,-0.415030001564822,-1.01474502303701,0.15304179909949,0.287491105586714,0.159409427132062,0.0587500765163514,-0.0635005473817408,0.01172893629408,8.98,"0"
18819,0.211437851410015,0.422475424985633,0.952278893337048,1.89824512989643,-1.14580644621945,1.11514647214846,0.397553195311812,-0.263927829588287,3.01897919873791,0.0485911377164415,-0.175179097371505,-2.03042265071041,0.992051447383507,0.22937142211548,-2.30187784176472,-1.41735642740572,1.47674067545258,-0.922580424857026,0.452307235257633,-0.480445526893626,-0.502361522782668,-0.529250139489812,0.368821293941197,-0.00723837990360409,-1.06465605680798,-0.755004782539105,-0.680203572198665,-0.403743239206305,151.98,"0"
18819,-0.358381948052862,0.197381450210464,2.05479158984956,-1.38805370286402,-0.24745879840624,0.328364781472237,-0.085565076914686,0.0662793639712441,2.66913849247497,-1.40437764609804,1.92104693334819,-1.9952226484273,0.520167985028205,1.32031351098956,0.0426302342437769,-0.609679902763775,0.452420765169995,0.858999762601627,0.561210241468093,-0.131557001841029,-0.0791712475973078,0.304707361776927,-0.227641723822457,-0.376624158371023,-0.0931798881966118,-0.770824932596896,-0.191615355516531,-0.213706923907904,11.85,"0"
18821,1.28842836737741,-0.255574911948648,0.699821617010046,-0.71487348171839,-0.691075462546937,-0.281502623434538,-0.633754387495535,-0.0922422887349392,3.08427032719263,-1.46942939393659,-0.153132188263748,-1.7671805916416,2.26498939041893,1.13504792474933,0.540677578640181,-0.249821662152816,0.253099774911453,0.673679186127533,0.66215059873667,-0.0865803706850074,-0.205506876024295,-0.0898674554869897,-0.143426412753772,-0.477842583850965,0.602606430615293,-0.676016423693723,0.0671469964189475,0.023370245217956,11.85,"0"
18825,-0.61311886167283,-3.1884796036428,0.28524827249003,1.11686679483359,-1.58558014222371,1.26094775107756,0.127821004496251,0.208862055337816,2.131531816077,-1.07143847276214,2.20648056745701,-1.34309791321747,1.10146295291191,1.4391680434416,-1.10867161481278,-0.364626419336344,1.22622700753402,-0.528261033787897,-0.517734098289263,1.56871546068994,0.248474360940742,-0.76216168799639,-0.624593378450289,-0.247836525273301,-0.400873038099291,0.82250567811863,-0.197711686604239,0.142979340035817,883.54,"0"
18831,1.0304477573262,0.159661306803402,1.63182131566391,2.76746846651311,-0.602779449147144,0.958148796630325,-0.909832911205629,0.440457360495407,1.32737111022763,0.283061878163635,1.69122574370464,-2.25372013093452,0.28295122107067,1.5036759494959,-1.34719624663721,0.556984540415532,0.418539038087217,0.27908548967567,-1.10690142144587,-0.298684100305871,-0.168951101533951,-0.162079325665573,0.0841248446234793,-0.0893801319327214,0.125727907659358,-0.0655413410666141,0.0193630185266446,0.0138726114846193,6.1,"0"
18831,-2.99912304860633,0.290187937078919,-2.40548047077355,2.57043322364501,1.23063082368196,4.06606459041118,-0.214201224305817,1.9086643094415,-0.134771498571708,0.405932057914379,-0.000282929045092463,-2.47785811955164,1.91017932656795,2.6162314280399,-0.299664036794111,0.233597283599357,0.982791811762436,0.617132115609651,1.05825489095386,0.125657256944455,-0.157426178068599,-0.256408362100122,-0.368935701194979,1.03815464675214,-0.41294543643416,0.169641922374526,0.641214965591465,-0.287819593360562,279.6,"0"
18835,-0.848324700883035,2.20006555771416,-0.11840785058883,3.047768823338,0.049384667364525,-0.217945755821679,0.065781807288895,0.711293836771994,-0.387359464865996,0.566994608256793,0.315532684984137,-2.39972935941386,2.01743470528514,2.51124524296299,0.174909492031174,-0.51934121788958,1.38650689561107,-0.264987519624755,0.155782724721206,0.0329848912955984,0.0734197834886594,0.492390959082022,0.197797731227796,0.0379213676022784,-1.0089509538984,0.0964510584159649,0.342040679879837,0.224703874643038,9.87,"0"
18835,1.1443318195687,-0.480291998178695,1.00067807116059,-0.66484653674388,-1.03996763049835,-0.0155724769263301,-0.940653290596505,0.259407234345782,3.08130818559629,-1.28371952047767,2.15724183641315,-1.83297187624272,-0.08398320385547,1.82735090351462,0.260978922305971,-0.491593707731946,0.704682929165401,0.704303854416343,0.292554561090541,-0.271314285799158,-0.0960539590957875,0.119916176957038,0.00334534245421545,-0.0619042504300472,0.317501458349107,-0.708495502091633,0.0674313320897349,0.0135421583100074,10.6,"0"
18839,-0.613159835365915,0.466776198825566,2.36168928000951,-1.90296290806955,0.103163869664511,-0.175366677083584,0.452681002637185,-0.237162307875596,2.49433960635043,-2.06312339861894,-0.222464886918059,-2.00365409399661,2.45247364052143,0.705261376118694,-0.0631542215203522,-0.192928424065894,-0.0944516878007606,0.694904259699207,0.150679371681131,0.0217662675528984,-0.201451743017247,0.00755545789155043,-0.479154295597992,-0.479810756443546,0.60595650378743,-0.79309005947565,-0.0799403094648561,-0.158329174057274,11.85,"0"
18845,-0.471481834399583,1.13872468662395,1.82084865064018,0.101443862908254,-0.00207483778601424,-0.631966059491931,0.54732238657689,-0.0380912265957062,0.549455915331404,-0.52801647766834,2.50387452877522,-1.56898308488563,1.98668443628341,1.69920644042022,-0.652434116227323,0.285863563856319,0.137659785972618,0.296982436461038,0.0198403288825382,0.0903641250921308,-0.30714899087834,-0.595422515627324,0.00177008103691703,0.467054628521657,-0.259005676777407,0.000997497175830919,0.237196407956973,0.107585287616279,4.47,"0"
18846,-2.786739166605,1.17712129791523,-1.87106741140256,0.276895988095613,1.49875074676701,3.25068900980009,-1.27583078483057,2.25322161342102,0.196731766394572,-0.990487588604222,0.169360527612739,-2.09602754397809,1.94610535950409,2.99797871109688,0.448797855543752,0.59670224031147,0.648636054999107,0.753033029064579,0.747571372651954,-0.780918721086099,-0.154338396110278,-0.647102175153464,0.280884070192286,0.93759020539178,-0.235676221806791,-0.605432304922474,-0.684000971887864,-0.229846416970209,50.44,"0"
18847,-2.38562472581029,2.11260519393866,0.992630775428829,-0.586665828468374,-0.165160943326484,3.35229024959268,-3.41680345791898,-7.48294418069325,1.1093594000287,-1.15228927588983,3.07811206930936,-0.570885147052301,1.45681372326019,2.32472468336187,0.278232406265825,-0.155234164531092,1.49914975356702,-1.14080525033735,-2.81293793003115,-0.737051018578448,4.15633727793237,-0.931785939499489,0.64501919542099,-1.14161281877373,1.0768435014228,0.656062082831398,0.245704428714141,0.187560059157523,17.85,"0"
18851,-1.01451419408553,0.918322550445889,-0.426583724745719,0.360943861748683,2.39746257710732,4.19506242391969,-1.02856255882835,-1.85421656064944,0.204372711100263,-0.919376857263755,0.585040176169882,-2.61809560969769,1.46685582059528,2.28516313140761,0.635429606527781,0.165768170568631,0.247296122177457,0.99415391252177,0.654294006045347,0.702980093756442,-1.29620385096457,0.509701836548032,0.000555377251634182,0.94886989088934,-0.114850147777638,-0.251906395082693,0.206587966116111,0.133829110367325,100,"0"
18853,-0.474559328061693,1.07016431961151,1.47754507281635,0.164367417982346,0.160496651669514,-0.229744468779753,0.498912951829614,0.128357965067249,0.648028099286115,-0.768643816119796,2.78799922515681,-1.90599809929141,1.32965885883928,1.30274965071843,-0.273554062068047,0.2162132349244,0.857258428888808,0.159326263907336,-0.443230120750451,0.0723027950912816,-0.312082849069223,-0.636538774619945,0.093972006009176,0.10122839811491,-0.31469748227395,0.0331996418126594,0.222337404710026,0.0813096147844148,25.07,"0"
18861,-0.700707663552349,0.430707277023467,2.67505902016849,-1.75695765007416,-0.179384265809748,-0.182398170307569,0.377214422050476,-0.128643781739744,2.49942712455846,-2.09722941925579,0.6731045377289,-1.8823059461037,1.83521935690829,0.872502342733863,0.175923540280695,-0.708584933500784,0.514387742906077,0.0266457249123099,-0.52122948065023,-0.0716642663023877,-0.125578748910865,0.241013881457113,-0.344630509579977,0.0375688288507297,0.404932592305413,-0.813949116286279,-0.0645197304559738,-0.154626216296485,11.85,"0"
18863,-1.06664544964929,-0.296908483973454,0.870075611360059,-3.97698878042788,2.25046690732726,3.09326201673319,-0.485050958804297,0.969338137594149,2.61060196654138,-2.59739590427362,0.45436695906486,-2.19643512298271,1.41472828588011,1.1546751231941,-0.33198773518775,0.347161495523939,-0.424036048538198,0.93102752575584,-0.613161920536284,0.00172498658662747,-0.00449058104580401,0.0758867767795556,-0.376989006801455,0.988232574853661,0.810326829250062,-0.252839079372328,-0.00256712230446873,0.0506063830003915,21.35,"0"
18863,-0.532072779482193,1.30397063645222,1.45995158995549,0.612724153374306,0.15585343805861,-0.885131831554627,0.511548112300718,-0.201418113840613,0.833438606319695,-0.595605271356868,0.785289795662048,-2.58318444305546,1.89484777497236,1.02912260793871,0.494807308377079,0.0508894173519813,0.970753080395032,0.214788928753774,0.39413380916464,0.13334318026503,-0.358651787547549,-0.709713654556558,0.00859484556445739,0.289776357334227,-0.546959890950029,0.0833964672461573,0.209156701668047,0.205515328375927,0.99,"0"
18868,-1.56298156891131,0.0964449376344568,2.23448142525442,1.51947803087278,-1.08268366691956,0.829196520045405,-0.177348440797776,0.801448438979215,0.864710884779166,-1.03250257400032,1.96442959009464,-2.17922647110333,0.597001239783203,1.95670414073377,-0.0632055370637256,-0.224502445115117,1.06909265147151,1.02220964229785,0.363051295051899,0.380091585953372,0.304992563225263,0.625486584820373,0.212557849803278,0.152335319079759,0.208128682105653,-0.121066982630462,-0.070740718800412,-0.0353379074807442,201.91,"0"
18869,1.1270931253008,-0.51065415704854,1.07638678942458,-0.611183981687317,-1.18083669679368,-0.143452659256989,-0.96444902439603,0.270889192215916,3.13367106401331,-1.27167971318306,2.2664001788746,-1.99897180536852,-0.559826924055131,1.92755219938797,0.294354382804959,-0.530843234149586,0.804723124478529,0.691359601528286,0.217515037987912,-0.303632615344366,-0.0868165307102413,0.121143447163467,0.0329799737678765,0.132350241015545,0.274673383615098,-0.71992395731212,0.0645886501119708,0.0149031062743353,11.85,"0"
18871,1.2824423547679,0.307640447096487,0.432982150364311,0.716393163933588,-0.190866365933323,-0.663166290148262,-0.0453841784065965,-0.244000339169953,1.3962010737374,-0.432964337541767,0.249116221555926,-2.41769508953034,1.82544709856684,1.68934578699264,0.355776107633758,0.430123142066661,0.140933560020991,-0.0780014233642692,-0.135546314226534,-0.117695433087471,-0.438241774369053,-1.04457514933335,0.0820702349251995,-0.186507253732488,0.250428608885953,0.0867486773389768,-0.0594154913291117,0.00851110760684743,9.98,"0"
18873,1.21084560548942,-0.355294714603587,0.854233098493641,-0.643458853320175,-0.817064615153232,-0.106902778471008,-0.761386309294105,0.0659478742552054,3.18173003241783,-1.48824830818725,0.346169587987528,-1.99455109772172,1.27580723841012,1.36835568119438,0.854666149340886,-0.640646172178787,0.756455339413501,0.176865660558219,0.128948674986272,-0.190606945095114,-0.156520589436357,0.0403614099244745,-0.0439799521664241,-0.332772733126823,0.435800542566375,-0.673100141911169,0.0784712916959067,0.0229223544915152,11.85,"0"
18877,1.26712288465401,-0.250328330505464,0.825572684581759,-0.643520827991094,-0.841826610953365,-0.455364082849808,-0.629952190267256,-0.109377359957648,3.06947771160535,-1.46872412863468,0.110439697761864,-1.68824247534408,2.17301294146323,1.16094560771608,0.522870040627077,-0.336103541813041,0.365169359709426,0.57989683714167,0.548539691996415,-0.0988735958703458,-0.186090943948264,-0.0374251994149397,-0.105608671377044,-0.176310752766332,0.560962744209666,-0.694621732277952,0.0672876602954513,0.0263503863954776,11.85,"0"
18882,0.349990026245923,-1.21482499776992,0.921452053376771,1.56113358322252,-0.85582575095272,1.14062538139066,-0.472803002715594,0.343496125423857,1.83427642733919,-0.578204978654045,2.31592669737532,-1.55238661742262,1.14881027595645,1.61544053523974,-0.207768353060556,-0.109916143779226,0.678482852836656,0.209394677912919,-1.18014949099802,0.468434404754274,0.293211893237837,0.465780831259049,-0.341060823890825,-0.313639295732433,0.162607470213966,-0.291871817035975,0.000694078843492279,0.0738556972996004,364.4,"0"
18883,-0.634863689770343,1.08742984943391,1.52342951432962,1.32293613208935,0.415509535864908,0.926589590859791,0.371570609870238,0.274333724390305,0.825796812168,-0.241062609189454,2.22859877585258,-1.69282649478458,1.164013320318,1.68294730003161,-0.931120716236014,-1.34710346346844,1.40029218815823,-0.351612205568577,0.448874518299969,0.0195745114716345,-0.098000437492345,0.2956641673908,-0.126983659261657,-0.33997768456188,-0.24026377991746,-0.260871984629907,0.295800684936201,0.173026025772425,24.42,"0"
18884,-0.903371467226855,-0.0808550218715767,0.39067272599362,-0.887893943777311,1.81475360485522,-0.725341497581375,0.328374758151586,-0.0729698701956494,0.701775162767376,-0.645131998417506,1.15743553133783,-1.55226260292827,3.07340259240046,1.52246557502155,-1.26865731248586,0.69241054586679,-0.556771475917505,0.53476869640171,0.0634790264384877,0.43191461246574,-0.100084987364592,-0.265591654170805,0.0101796201313837,-1.01219448573886,-0.0111230858426483,0.83289742534409,0.129193752088418,0.0978480384525086,44.99,"0"
18884,1.14201320991603,-0.224825386581059,1.01778568720243,0.548849535941013,-0.902784610890104,-0.41217080261743,-0.488663147494513,-0.168153448212761,2.0377322432118,-0.71913348219651,0.375530871904293,-1.58371886588834,2.73740234758779,0.865458933584499,-0.713701996212027,-0.0305294968810594,0.619267470347979,-0.154450798008991,-0.0648624408284243,0.0521366111520791,-0.077517786685836,0.186744498081262,-0.125115311488352,0.416191771928156,0.354623784128174,1.10735866698959,-0.0735399868284733,0.0128859800003297,57.39,"0"
18893,1.03928360296989,-0.0304046003510351,1.34976383903656,1.39389748913792,-0.803930293773195,0.119022634445739,-0.640607133511337,0.071767348563654,1.68157928140473,-0.382855595095135,2.0798410345881,-1.04620891735183,2.43925129136839,1.22784715180432,-0.896288087347778,0.379336759663081,0.0309113099488958,0.892358613012436,-0.364659836543945,-0.0170867183815497,0.0635235958057247,0.504695675182154,-0.143238789661807,0.322413438890505,0.468814656121469,-0.322230368735475,0.0347948079166949,0.029273327987639,53.41,"0"
18895,1.24533658991321,-0.273575908149224,0.683713454365785,-0.766522857532907,-0.472246046876152,0.190399197200019,-0.682181602700452,0.0208461968816207,3.01757857184735,-1.52566215217805,0.140249922603644,-1.45914023576534,2.66174744665277,1.08069754352832,0.745962928289283,-0.56257863513495,0.508369384008138,0.172654155074422,0.300443135359576,-0.0922082397281619,-0.172926799385213,0.0598865595477234,-0.119483106014346,-0.790592369297953,0.543437384365016,-0.647129812397719,0.0864504717479027,0.0207318264007353,11.85,"0"
18898,-1.4136466051532,2.62303031310999,-0.590587367612981,3.03405804711845,-0.319053920433012,-0.284530503714622,-0.296967175745853,1.14787494686191,-0.364764810402692,0.65098353384023,0.191112094733059,-2.22949589084298,2.08008512610437,2.75680422256346,0.151620267341434,-0.416796292681941,1.545905722459,-0.244036832667583,0.12038608401207,0.0469486700028347,0.0839673822184057,0.457850670148534,0.250645975235621,0.0340322245936509,-0.936004702885405,0.10300035261562,0.323074343445258,0.221523047016064,9.87,"0"
18899,-0.638656775814619,0.401302801269185,2.32312058549513,-1.95149772105276,0.205245562768797,0.288906852902089,0.352331891667118,-0.0676429232711384,2.58201194917819,-2.09139542960386,-0.105087863717089,-2.24739423104906,1.81476277999907,0.855454358245285,0.254550359840351,-0.456568942845787,0.219391938627574,0.319925907160134,-0.204266685541742,-0.0569856276712553,-0.182920146397048,0.0742460148860879,-0.44788282268441,-0.820759133642634,0.510659078925969,-0.76074799071844,-0.0664463664204485,-0.163715534657643,11.85,"0"
18910,-0.945261167902092,0.188293703562477,2.38144646157564,0.466189087673765,-0.342356908757547,-0.607177238653013,-0.0285042924306722,-0.145716884187392,1.37172229994953,-0.870573694110851,0.646849614662602,-1.74122438375494,2.8256432960187,0.753105651739036,-0.566093128598588,-0.521326338358823,0.99629337127196,-0.0350633802351908,0.697475143800723,0.0134093624166592,-0.00462543755072286,0.609948227700521,0.25465733638152,0.78435696315752,-0.166280216412901,1.1527671027994,-0.0157580237631024,0.0630528628045234,14.99,"0"
18911,1.18598292047144,-0.299135163050993,1.01828673834795,-0.565195924738639,-0.935073299315325,-0.297523366846415,-0.710116063833441,0.00640429310237577,3.0597968617957,-1.50764413357055,0.777491996793605,-1.53414228193911,1.85526025292067,1.2620784127049,0.757871663562168,-0.775697882091688,0.850523172767272,-0.0193266040574107,-0.0109765977402671,-0.161101704544994,-0.125481077026966,0.159227913677675,-0.00722095805081571,0.0451169580962217,0.409528025964052,-0.697561792557454,0.0831427223697689,0.0279504132379905,11.85,"0"
18912,-0.449546285584766,0.620655771126915,1.43076870708858,0.333765063393098,-0.252365004897886,-0.513178565129461,0.927680617214089,-0.249802060899099,0.705189630773665,-0.958560745861714,1.16839230948633,-2.03209881252503,2.02078983731742,1.53470398617028,-0.116744182388817,-1.31051059699664,1.61582177050174,-0.836865475212289,0.71250689645061,0.257222208856657,-0.00481899878606137,0.278427829984374,0.106876561379587,0.666493722623514,-0.294289009335392,1.16243051644748,-0.000677062624532418,0.113094051495629,100,"0"
18913,-0.70719462776401,0.376100866468642,2.66019831270268,-1.74981755834849,-0.223373664318846,-0.199894640872571,0.328708410728665,-0.0923036725840906,2.59432724385918,-2.07819293926501,0.562438261531859,-2.21277939860729,1.2171940842456,0.995822698569679,0.244621636159674,-0.678138362499404,0.547932374876307,0.104703580913209,-0.51488154034449,-0.108748182768533,-0.132306319599719,0.188717884035846,-0.336105456266536,0.0150220475489786,0.385123100780379,-0.811526929237104,-0.0689070993822597,-0.15582769477888,11.85,"0"
18917,-0.551471824853824,1.44747505330597,1.33670209764806,0.204878590617049,0.0627534995846776,-0.940832285469139,0.631800613394482,-0.156039554932805,1.04745246028874,-0.581579873896717,0.794687514859116,-2.46714207066343,1.96446519955685,0.893329105878263,0.147801390648337,0.322476643596551,0.720149131126091,0.0924660300899311,-0.326388163210525,0.208557568458506,-0.442753341929653,-0.879624416280299,0.00195443682592164,0.275073373047739,-0.126183469893288,0.0371471973334999,0.327153145110872,0.151389500717638,3.56,"0"
18920,1.2161188810773,0.731584743597415,-0.405045908155748,1.36569630790959,0.522146269551644,-0.849291942828775,0.484083263292298,-0.429236156007479,0.927032324045104,-0.860658514741057,0.658474891007259,-1.944375784961,3.04334473341735,0.487428204192623,0.0436450256946916,0.343614066175868,0.961894427925814,0.468084128227105,-0.470837813530432,0.0245093689771682,-0.237362300295317,-0.396462331169066,-0.216359908125509,-0.260522439804666,0.811151448152221,-0.371832751963938,-0.00860802534370165,0.0391056049122834,42.18,"0"
18921,0.898614274555906,0.0338961928217827,-0.0832970050956021,1.25632616930286,0.554091347766426,0.702342332742405,0.155668231625311,0.196359735713541,1.16075853070591,-0.518258784764837,1.60634195106108,-2.52549252463935,0.16604677391442,2.42801187132929,1.16978778849113,-1.53234065001431,1.82223449304873,-1.96337314823919,-2.14918476797647,-0.252496771398726,0.0315107779491862,0.278743282855173,-0.0273367871876948,-0.708803342555397,0.393031704787292,-0.231544652581981,0.0116329946469164,0.00557910107223173,89.99,"0"
18921,1.1933782701821,0.395811311101213,0.313401012889741,0.649780110182514,0.158221845613508,-0.0284463780022426,-0.151671231888569,-0.0113331829616459,0.987699660052589,-0.546062173446253,2.60729214331811,-1.29508250307087,2.40465670404407,1.23623970009959,-0.132024305038612,0.421856984426533,0.601788226914502,0.0563950018619195,-0.351154384896197,-0.0928605068490728,-0.372563664244802,-0.802815775113747,0.108955986093907,-0.393281876345525,0.153045131800147,0.0862762287807156,-0.0340843229586027,0.00905950211436213,3.59,"0"
18922,1.18059082878883,0.196898587376617,1.38900303333438,1.46605768126504,-0.79254212452183,-0.217793388908467,-0.591339345059418,-0.0734825211130711,1.91683354469493,-0.534003413530031,0.412521342153734,-1.63037687915657,2.71738978419445,0.979395501019898,-0.224191638279786,0.167520174278848,0.267641484645276,0.362660941270687,-0.6383297447032,-0.118506674402229,-0.016785937869368,0.435075254168332,-0.0888106918862097,0.375957859020197,0.524754811790435,-0.299867018530912,0.0495212767651432,0.0310197737894405,2.65,"0"
18933,1.28467075271499,-0.328441233360439,0.434072163012981,-0.895203928042214,-0.242579277834021,0.506582827686963,-0.732411313280287,0.0897293762958855,3.13878391311883,-1.50888906582481,-0.455757732773655,-1.93661583980263,2.2126201727512,1.15576921627289,0.847958255479248,-0.372600423816722,0.335083766495173,0.423752101869821,0.516008149817927,-0.108544099466641,-0.216254622590993,-0.0894535141628932,-0.181656933864074,-1.35419167452562,0.600190808393691,-0.611106276334824,0.0820404336425856,0.0139912475534844,11.85,"0"
18935,-0.714990388968324,0.320220958604504,2.64769501745948,-1.74102106008418,-0.268904952386857,-0.22143114480653,0.279362571811146,-0.0561641081928958,2.68906156732696,-2.05902387959787,0.456599310346698,-2.54169597948736,0.597531061230003,1.11967483594908,0.313041190449956,-0.649307876532146,0.583558673364508,0.181076878835762,-0.510608669095073,-0.145712284349552,-0.138569102954323,0.137306025326365,-0.326632263143056,-0.00199349733697333,0.364607091530668,-0.809445945987574,-0.0733392050674568,-0.156948037425196,11.85,"0"
18937,1.18870091075312,-0.265197208360647,1.02828337827116,-0.570228238610032,-0.896948340253408,-0.288138072407162,-0.683728951036977,-0.0167560341451621,2.99735210938814,-1.51920326887976,0.847970482361618,-1.31434225661894,2.26841763053291,1.17952762459856,0.712359515452357,-0.795253577324569,0.82686375172887,-0.0702995008737607,-0.0133683334266988,-0.137161795065162,-0.121485620433897,0.193742545528949,-0.0110809925112537,0.0563708101341739,0.423973939587625,-0.698813743692049,0.0860812734972154,0.0286205738121429,10.6,"0"
18937,1.06166239994629,-0.465585139522271,1.22656754586774,0.253466823994542,-0.753072213626303,0.919267643646778,-1.02599298412421,0.42712631194367,2.30344708814191,-0.731980175046571,2.21202294538965,-1.35606437887243,0.949001251660099,1.24362404524699,-1.1734225968778,-0.516954602324541,1.22047054289875,-0.707659326054748,-0.172111576076416,-0.185285789363725,-0.275892547659884,-0.305272332285303,0.13654522888201,-0.275365469181853,-0.0869508499847447,0.945988140019817,-0.0368053747055971,-0.00812588394973314,20,"0"
18944,-0.679003590697049,1.4921355105807,1.73474996893835,1.38377842293554,1.39380774749331,-0.0337692578649691,1.4045007558087,-0.308537479995809,-0.240760508409148,-0.24034323840605,0.137220148443305,-3.23928152480229,1.18935401262682,1.66162984012228,-0.773126878343599,0.190220201207055,0.101347814224147,-0.4590782555692,-1.79864319823691,-0.166865587717247,-0.166505019804879,-0.159001438291794,-0.469428128715597,-0.35334505535469,0.652900524181699,-0.0305297636184044,-0.198776328596226,-0.185576669326956,0.83,"0"
18945,1.16236425281436,-0.358367036954536,1.13519185883476,-0.479592587552196,-1.17747764089615,-0.506211189170646,-0.766784247739145,0.0388207173504349,3.17947015694583,-1.48057780001561,0.908813181334509,-1.92541203571746,0.860475885666664,1.4682364049312,0.836948619782197,-0.826674317424852,1.02248743053755,-0.0105137204848571,-0.127373114141045,-0.231735887847984,-0.114853531972084,0.142395034583531,0.0442874682360561,0.345569167342522,0.334341690953361,-0.714612166497104,0.0774391927550737,0.0292386630676306,11.85,"0"
18947,1.1147078601659,0.239212508266454,0.598972181097108,1.3521514583799,-0.249223432138672,-0.187067555452748,-0.216229022070769,0.0663576009244534,1.20082245834061,-0.144975741668508,2.39766220621195,-2.22581360882035,0.168414002455699,2.27530938470532,-0.112762865814942,0.0299975076396124,0.4405466081278,0.353547805392358,-0.818241863481671,-0.27872313929457,0.00331865956548319,0.21411657057473,-0.0484790723734574,0.12982449001876,0.469823821454645,-0.315979022712608,-0.00648160866238766,0.00297770846311102,15,"0"
18947,-0.35860465353729,0.0948637805523434,1.84006338403898,-1.26454152363999,0.022378527495853,0.438263492507265,0.0457480511302455,0.11072693816775,2.38138180221188,-1.45727927398439,2.31172691972856,-2.03793738001949,-0.151157557528091,1.62751546555171,-0.0734007009810858,-2.01832672913172,1.75601298448755,-0.0870542021388964,1.65712259306235,-0.0194303740973557,-0.109599462167649,0.401436698657891,-0.264775923399932,-0.303903151172705,-0.137379734113615,0.159380337495424,-0.0425853209981755,-0.142826271195144,0.01,"0"
18949,-0.553101474831742,1.35639948484677,1.19914259389291,0.417951223846017,0.107000080680201,-0.228847664352042,0.160984856611851,0.257015205812001,0.480128309471139,-0.967610299448401,-0.161783572266535,-2.16380572549186,2.93947061049201,1.69181784705273,0.363352483018174,0.2768562388827,0.376353860693873,0.19363757802331,0.824300489810343,-0.0189393403519769,-0.349612228940924,-0.861788782384412,-0.00170818230767911,-0.504989702949011,-0.48049270984792,0.0747242630332464,-0.035104911332741,0.0648299202490995,2.7,"0"
18957,-0.595226314471437,0.479410583590853,2.35990160703408,-1.90553360913061,0.054836080963252,-0.171751201778859,0.457958730468508,-0.229571728877683,2.52364240249705,-2.05931468208606,-0.256135157555215,-2.11446199155276,2.24443674887866,0.745559441181776,-0.0423751085556106,-0.183434283500147,-0.0822902673833986,0.718459142399612,0.151226434035341,0.00102455175827355,-0.205812164212508,-0.0065199054398184,-0.482284413172156,-0.498087087162344,0.597316451130407,-0.791838263644378,-0.0802495488465922,-0.159420740586412,11.85,"0"
18958,1.19126969764003,0.114437787018851,0.475385875405437,0.760180474554579,-0.458990807201999,-0.667960861788618,-0.193132970853256,-0.0909558517496473,1.30427722317372,-0.201643630809951,2.08273013771838,-2.33851627152487,0.343244340130686,2.1709340689593,-0.300019450081244,0.421179741720191,0.169941913159803,0.692367053283801,-0.160333263097145,-0.183782417619988,-0.0606659277956624,-0.021774162978997,-0.0779159445023689,0.277798550607127,0.417300455185208,0.37575199923671,-0.0779969526580382,-0.00534444155516211,21.74,"0"
18966,1.29608387749592,-0.515514562602525,0.245481489655421,-0.249078043275906,-0.669831643908768,-0.469629569883991,-0.30189153231874,-0.374473996454519,0.502411076551261,0.100578976634679,-0.0686044202117017,-1.6844991632577,3.57082702375157,0.895493217759135,-1.25581249855206,-1.80634876214924,0.870112473931257,0.747409181411608,-0.389343584622172,-0.289785611318971,-0.671009372001862,-1.09059175108476,-0.0730973216474079,-0.0880130837967814,0.407417468475517,0.991113882507203,-0.0824121604343443,0.00614799884392116,72.21,"0"
18966,0.935758932769096,-0.465067849533194,1.36850672538009,0.833177055684828,-1.10719835940545,0.108152838306313,-0.83127676483345,0.101214410176487,2.03505260948512,-0.579760856735437,0.751693801840746,-2.29500195180158,1.84453698256826,1.27806967888322,1.1430407540828,0.548352739224343,0.336995425401835,0.2549360815552,-1.18327127685672,0.0876160547757608,0.165138013613555,0.550475776264006,-0.0883390802906486,0.0700958775995016,0.0463349474354222,0.556192232173132,-0.0188024898179321,0.0408349032164387,121.73,"0"
18966,0.898614274555906,0.0338961928217827,-0.0832970050956021,1.25632616930286,0.554091347766426,0.702342332742405,0.155668231625311,0.196359735713541,1.16075853070591,-0.518258784764837,1.60634195106108,-2.52549252463935,0.16604677391442,2.42801187132929,1.16978778849113,-1.53234065001431,1.82223449304873,-1.96337314823919,-2.14918476797647,-0.252496771398726,0.0315107779491862,0.278743282855173,-0.0273367871876948,-0.708803342555397,0.393031704787292,-0.231544652581981,0.0116329946469164,0.00557910107223173,89.99,"0"
18969,0.187439633930911,-1.65274844716157,-0.51117134885215,1.04338946357443,-0.646317340962182,-0.344562380099825,0.712323610222423,-0.346689333558398,1.48962599331378,-0.680139756945733,-0.245549027621369,-3.08391806924018,0.904445694173655,2.03214507899458,0.471620866177351,0.56086120422891,0.154910041783794,0.260691509311794,-0.142010784905523,1.01832566318269,-0.0677948029572513,-1.33780395600447,-0.514420569721443,-0.506299811175191,0.12637733761051,0.233322094985762,-0.190765740615254,0.0992557992365097,594.9,"0"
